Length (m),Beam (m),Draft (m),a_surge,b_surge,c_surge,r_squared_surge,a_sway,b_sway,c_sway,r_squared_sway,a_heave,b_heave,c_heave,r_squared_heave,a_roll,b_roll,c_roll,r_squared_roll,a_pitch,b_pitch,c_pitch,r_squared_pitch,a_yaw,b_yaw,c_yaw,r_squared_yaw
0.3,0.1,-0.033333333,0.229850724,0.304213645,1.105673162,0.972159001,0.224921305,6.52E-05,0.000617459,0.917734891,0.221533468,0.470617587,0.833505942,0.859924824,0.320165041,0.387007267,0.793406321,0.988026065,0.183366399,289.9485961,-289.2244971,0.247369477,0.163140687,0.023887867,0.157976582,0.87759774
0.3,0.1,-0.066666667,0.249407893,0.349171819,1.092350124,0.962147039,0.250011412,6.79E-05,0.000260526,0.840356601,0.225196082,0.598458561,0.720551003,0.565652155,0.344397865,0.221975563,0.428046051,0.981743005,0.267687854,183.7539637,-105.3716737,0.33553869,0.205660946,0.029416443,0.148326072,0.973749444
0.3,0.1,-0.1,0.232928476,0.272831373,1.139373858,0.924575169,0.415939164,0.001948627,-1.25E-05,0.558882473,0.231506019,0.500399142,0.828999282,0.866795653,0.42352331,8.420004837,0.70527623,0.556180716,0.19400363,567.6756678,-574.2540239,0.097875266,0.20703963,0.031116443,0.153538705,0.906106533
0.3,0.1,-0.133333333,0.244066415,0.317691836,1.107433996,0.975791237,0.281657425,5.95E-05,0.000501873,0.945465262,0.248687072,0.633880786,0.753211045,0.696009033,0.454130015,0.720022351,1.45335372,0.996880094,0.28358486,155.7449386,-80.81272644,0.408209443,0.233089836,0.037510265,0.142275332,0.962537471
0.3,0.1,-0.166666667,0.260458833,0.341675882,1.109772613,0.978940699,0.250283458,5.42E-05,0.000196817,0.796130185,0.270230003,0.758870644,0.710382695,0.636464163,0.479710406,0.543506017,0.961429547,0.991975957,0.362992338,120.8959974,-43.26206041,0.478209781,0.251705562,0.039879335,0.138820956,0.970993566
0.3,0.15,-0.022222222,0.273125871,0.353777027,1.115338328,0.981115674,0.310753821,-3.50E-09,0.000424403,0.775700348,0.278577613,0.902658014,0.630624999,0.459415676,0.57932102,0.870081883,1.461141902,0.997860598,0.361563303,135.7117064,-50.15928456,0.540441571,0.263578963,0.040589329,0.137161922,0.976795271
0.3,0.15,-0.044444444,0.284038374,0.347318452,1.13040763,0.98522055,0.260900844,3.75E-05,0.000103865,0.461628633,0.314080077,0.961432372,0.682608687,0.591766786,0.791984638,10.74840173,1.922375425,0.849964642,0.324720699,492.2640493,-245.1007685,0.197744459,0.27372133,0.039275524,0.137244025,0.981869196
0.3,0.15,-0.066666667,0.252549017,0.331495757,1.119484524,0.978693457,0.624742521,0.007152988,0.00032314,0.607221862,0.261005377,0.542873339,0.853038608,0.908387704,0.630811707,27.79599571,1.582355349,0.60087843,0.192532213,213.5847115,-198.1557616,0.292146571,0.200940597,0.024614012,0.125567951,0.91118586
0.3,0.15,-0.088888889,0.275830081,0.361875108,1.121754901,0.980294636,0.38013934,0.000210146,0.000194477,0.893233765,0.270767101,0.660736901,0.782337432,0.739379238,0.467941849,0.661148286,1.201164635,0.996344133,0.242172807,190.2660464,-130.2119524,0.35430945,0.047830536,-0.00506422,0.106045964,0.972467618
0.3,0.15,-0.111111111,0.293577888,0.387580506,1.123008641,0.980540332,0.213668633,7.28E-09,0.000348692,0.837299061,0.28180143,0.814490479,0.69874268,0.539563088,0.506895911,0.600787357,1.024308813,0.99322227,0.276468715,225.2252382,-134.2823313,0.247775046,0.258891588,0.02449619,0.087010757,0.980382057
0.3,0.2,-0.033333333,0.310137,0.410264296,1.12626705,0.982074744,0.470950373,1.18E-08,0.000517122,0.912074747,0.314388985,0.891895977,0.724252141,0.66784074,0.801355527,2.486144307,4.026857959,0.998298195,0.290331568,169.4553996,-90.23941316,0.414578452,0.26409833,0.020847018,0.086689159,0.984222026
0.3,0.2,-0.066666667,0.329669769,0.436649103,1.131525681,0.981767829,0.404295711,0.000440054,-0.00012466,0.378977032,0.305822624,1.268593568,0.479319689,0.313171214,0.443436157,4.431611748,-0.533836453,0.299440978,0.27756531,195.0089968,-111.6118339,0.345982503,0.275452862,0.020200578,0.084925112,0.984341963
0.3,0.2,-0.1,0.265004284,0.365250174,1.10021731,0.970796091,0.365501927,0.000174093,7.22E-06,0.69058437,0.237375633,0.78276951,0.594830719,0.367757816,0.374564362,0.203487726,0.373426489,0.981636458,0.349631775,133.117313,-51.33644279,0.442155296,0.228950999,0.032559658,0.136238138,0.984253737
0.3,0.2,-0.133333333,0.254652886,0.337727879,1.118007572,0.952779458,0.256081188,0.000116237,-2.80E-05,0.37071386,0.260246623,0.526405561,0.863975258,0.931977634,0.242349269,0.942296035,0.038799757,0.326839889,0.183718454,206.3885907,-202.2159755,0.244143729,0.230853447,0.026105977,0.099991944,0.962162966
0.3,0.2,-0.166666667,0.26559716,0.34133768,1.123384732,0.983046371,0.439604622,0.002864698,-0.000309394,0.262268701,0.272637402,0.624747401,0.811361049,0.820526305,0.447979263,13.89440754,-2.556865726,0.264799801,0.22877621,292.036547,-230.7398593,0.179233828,0.059450789,-0.00489981,0.107199646,0.952837922
0.4,0.2,-0.0375,0.281458623,0.362553803,1.125082619,0.983743508,1.619203252,0.022122565,-0.000212821,0.992491422,0.28635425,0.727768203,0.766340279,0.725836889,1.635440065,106.6067851,-3.109717076,0.998137607,0.268592948,253.8398705,-160.1289454,0.226793906,0.258329768,0.024311544,0.097058017,0.971230467
0.4,0.2,-0.075,0.295680137,0.384808602,1.124976637,0.983629566,1.057313294,0.003458163,0.000209925,0.963270152,0.294610919,0.829442075,0.716983973,0.601450833,1.095457946,23.3027426,2.167038712,0.993545006,0.285201339,191.9290616,-108.5342178,0.299338544,0.265959649,0.022267981,0.079642375,0.969871135
0.4,0.2,-0.1125,0.309489727,0.405623828,1.126825667,0.984004034,0.376182031,9.82E-05,8.90E-05,0.665242485,0.321265997,0.910424358,0.724892075,0.662468648,0.545399888,3.001697103,0.652267472,0.785309877,0.292402491,169.1039842,-90.06825447,0.399907717,0.25910659,0.019082892,0.084048902,0.939604812
0.4,0.2,-0.15,0.248413252,0.322100146,1.119253919,0.973852326,4.49114835,-0.000135166,0.000170183,-0.087267526,0.26384991,0.542965908,0.858038125,0.923582997,0.215057204,0.588194181,-0.103150828,0.162758315,0.192548449,195.9788546,-180.1932415,0.303341161,0.24290438,0.023751617,0.080221416,0.96803565
0.4,0.2,-0.1875,0.268656779,0.340078833,1.127251343,0.985387722,0.291362679,0.000116476,5.22E-05,0.627474463,0.279852066,0.653555234,0.805872811,0.81651083,0.33051608,1.065626529,0.131481465,0.532315653,0.235610541,249.2587236,-186.2289599,0.202154785,0.270208201,0.024826848,0.077381179,0.971099725
0.4,0.25,-0.03,0.284711107,0.362065219,1.128358465,0.986274772,0.311113429,0.000146252,4.81E-05,0.698596377,0.292974502,0.771670475,0.751932717,0.671573933,0.414290809,1.501906936,0.268874014,0.662851794,0.273145185,486.7328249,-317.2113763,0.140829852,0.265953499,0.019370355,0.081412926,0.972805217
0.4,0.25,-0.06,0.2999258,0.387419279,1.128042992,0.985592421,7.474661846,-7.97E-11,7.07E-12,-0.333333333,0.31745083,0.861177507,0.747027069,0.711897906,0.42535734,1.240040557,0.227546494,0.647030206,0.295632439,162.713936,-85.13766163,0.408665844,0.266541308,0.016709054,0.087578939,0.970408399
0.4,0.25,-0.09,0.315953463,0.41295696,1.12979422,0.984757915,6.236985523,-0.000478935,0.000607636,0.292035398,0.319464431,1.06097594,0.635909098,0.458073716,0.352289105,1.199757989,-0.135257606,0.27379186,0.289798189,168.3096463,-89.57186472,0.419117552,0.291069573,0.020964559,0.081699345,0.975016312
0.4,0.25,-0.12,0.276345066,0.370848627,1.108440792,0.974888393,0.48698458,7.74E-08,0.000450429,0.701861448,0.263464275,0.935582874,0.560767672,0.370020122,0.408802592,0.240429111,0.435636833,0.96773237,0.34654369,140.7559613,-55.07770294,0.527808552,0.222568685,0.021865527,0.153193187,0.975776562
0.4,0.25,-0.15,0.27836964,0.378320083,1.12015125,0.959921654,0.237260941,0.000252058,-8.86E-05,0.1000119,0.287972534,0.567633112,0.879464631,0.951015048,0.236022789,2.660920335,-1.416832367,0.106069219,0.195108343,156.6829875,-137.0407196,0.349739179,0.222447941,0.014102868,0.067542536,0.930649321
0.4,0.3,-0.033333333,0.291867541,0.389518912,1.124016992,0.978064875,0.475654665,0.001229219,0.000234969,0.57582289,0.296179315,0.650428471,0.835590491,0.86410452,0.485859093,5.786518636,0.651147869,0.558673925,0.227824652,185.0584603,-139.6547008,0.324113296,0.159610561,5.07E-07,0.087117413,0.91290348
0.4,0.3,-0.066666667,0.31160507,0.41724684,1.127299878,0.979051891,2.424275035,0.128329127,-0.01066647,0.997514852,0.303701679,0.745358198,0.78753246,0.739272137,2.473341842,658.8101885,-56.34065195,0.998848116,0.254301664,171.689817,-111.4762019,0.360491733,0.260246739,0.016251376,0.058084367,0.974666347
0.4,0.3,-0.1,0.320077159,0.442171256,1.119010673,0.969149423,0.645765114,0.001113721,0.00027361,0.719083376,0.317632813,0.830092158,0.762938068,0.72054842,0.744905472,10.60837066,1.531742985,0.741880172,0.275352416,300.9947381,-189.5012437,0.182421025,0.267466889,0.013518191,0.060189831,0.979794631
0.4,0.3,-0.133333333,0.365864189,0.477920535,1.148567163,0.954469926,5.739997961,-0.000611443,0.000771272,0.76190476,0.329495363,0.966347485,0.708501479,0.577423213,0.454917207,5.823220949,-0.900897771,0.272689967,0.276988479,391.7052939,-249.2446285,0.15213046,0.270320309,0.015141333,0.049325535,0.95173836
0.4,0.3,-0.166666667,0.274628274,0.361295061,1.125634176,0.977245345,4.328109903,-0.000265334,0.000334848,0.180327868,0.291606802,0.59227508,0.868085269,0.933827062,0.247816586,0.638068439,-0.023456815,0.225780903,0.205898944,168.318648,-141.0700716,0.327283465,0.261881433,0.020356403,0.076377527,0.941987714
0.5,0.25,-0.032,0.289867134,0.382220343,1.125508374,0.979939263,0.287591756,8.23E-05,0.000141592,0.591893357,0.301327497,0.668210777,0.833095577,0.864147898,0.336430306,1.029510356,0.140278644,0.532247068,0.233292741,204.1511167,-152.3498808,0.253176412,0.249458187,0.01267638,0.060356161,0.945143598
0.5,0.25,-0.064,0.308531104,0.408679108,1.129110141,0.980361876,0.352216602,0.000178131,4.12E-05,0.662181579,0.308452324,0.746685023,0.795800116,0.763668265,0.401079825,1.39517399,0.252699244,0.63912399,0.255726765,168.3242412,-108.353268,0.363107368,0.258966937,0.01410039,0.063181379,0.962994599
0.5,0.25,-0.096,0.317074722,0.433019354,1.121211655,0.973525005,0.314297938,0.000102498,6.83E-05,0.677480111,0.321693042,0.819391782,0.776816297,0.7507434,0.436061861,1.487118051,0.225767363,0.606235188,0.275296932,252.3034487,-156.3337166,0.208909028,0.089344358,-0.00218648,0.058237656,0.889498656
0.5,0.25,-0.128,0.36924867,0.472201648,1.156438984,0.926945165,5.128721867,-0.000143752,0.000181382,0.0625,0.332981403,0.919833625,0.741003609,0.649926886,0.404577901,0.943570145,0.191576075,0.63177583,0.276315113,484.3881706,-313.4302631,0.137766543,0.271935936,0.013361793,0.056841806,0.934934132
0.5,0.25,-0.16,0.284618348,0.348242359,1.129700692,0.979645839,6.63014778,0.385635138,-0.038563514,0.215685983,0.290628838,0.90642818,0.661309389,0.566146843,0.554784559,0.582782098,0.817819724,0.993125348,0.332495032,1862.193542,-945.7621507,0.148029391,0.230386823,0.020594024,0.159069432,0.964917813
0.5,0.3,-0.04,0.286606027,0.378062957,1.128857084,0.960583885,4.212734936,1.51E-13,-4.38E-14,-0.153846154,0.29580368,0.614020563,0.860140799,0.921329255,0.250837418,0.329613922,0.052590044,0.326182788,0.21131538,186.7788628,-155.1519014,0.250010328,0.283249362,0.019953093,0.059030043,0.954805164
0.5,0.3,-0.066666667,0.290209168,0.379963075,1.126887912,0.982046017,5.21410014,-0.000145004,0.000182939,-0.043478261,0.305316155,0.681019655,0.831897568,0.863645051,0.287074935,0.632678424,-0.047811055,0.260980212,0.235158435,237.2785208,-179.2422988,0.194756137,0.299788147,0.017640654,0.052564124,0.954724526
0.5,0.3,-0.093333333,0.305793795,0.401313546,1.130443262,0.981312613,5.401963523,1.12E-11,-8.34E-13,-0.25,0.312590648,0.747553378,0.802938632,0.788894788,0.328415412,0.565903933,0.087842257,0.514490464,0.257015836,165.6371757,-105.8062708,0.365623326,0.267119616,0.015462817,0.057084541,0.934746986
0.5,0.3,-0.12,0.312591156,0.420235339,1.124147959,0.976637183,5.401963523,1.12E-11,-8.34E-13,-0.25,0.32490104,0.812006353,0.786852273,0.77461292,0.350610005,0.790644841,-0.001888382,0.35318355,0.275078824,224.3035748,-137.3899603,0.232787607,0.255851178,0.008503344,0.065727041,0.958507481
0.5,0.3,-0.146666667,0.342563324,0.431806152,1.150307532,0.968942839,6.200956654,-0.00032043,0.000403863,0.35483871,0.335130969,0.893890326,0.759201381,0.693823524,0.349804307,0.889749612,-0.090201791,0.279302102,0.275455358,635.3865457,-418.0081823,0.125821502,0.3124002,0.015327931,0.050219324,0.945599784
0.5,0.35,-0.045714286,0.305978859,0.413420508,1.130374047,0.964367068,4.532028283,-0.000135523,0.00017087,-0.078431374,0.316922229,0.632716049,0.879802374,0.945985408,0.257640222,0.648242324,0.035802012,0.25928982,0.217054274,145.6771189,-112.016816,0.349966406,0.247479677,0.011381163,0.05109316,0.960717833
0.5,0.35,-0.068571429,0.310692808,0.414779282,1.130758732,0.979656372,0.311473051,0.000122105,5.34E-05,0.603252994,0.322576072,0.685330123,0.855918413,0.900792718,0.342387267,1.048727675,0.150140741,0.511944844,0.235606172,163.5728444,-116.9026335,0.32266397,0.066469524,-0.00219349,0.045163807,0.872622837
0.5,0.35,-0.091428571,0.344278883,0.471126417,1.134749851,0.958282917,0.337906759,0.000164707,4.14E-05,0.565938421,0.326255307,0.738776788,0.82975032,0.835081894,0.391133058,1.404857008,0.224506822,0.568341941,0.244455563,200.5740538,-141.917948,0.218161513,0.231045654,0.009457227,0.036356348,0.839681518
0.5,0.35,-0.114285714,0.336630758,0.457978812,1.131037253,0.975921701,0.388171054,0.000193089,-3.67E-05,0.707944256,0.332490071,0.793646856,0.809359085,0.800589137,0.437300391,1.617296287,0.233412708,0.589589014,0.268056785,156.5860741,-94.39025029,0.371250712,0.068915607,-0.002215111,0.045039206,0.951556822
0.5,0.35,-0.137142857,0.339757929,0.469516862,1.125786307,0.969154992,8.322148427,-0.000200615,0.000249901,-0.066666667,0.341643636,0.864238214,0.786030657,0.739009876,0.4313831,1.23728393,0.227705785,0.635206503,0.276880567,219.4178126,-133.2917346,0.221832286,0.275830611,0.008751574,0.040354138,0.943421857
0.6,0.3,-0.044444444,0.216606328,0.282424704,1.1087562,0.977119274,0.641559437,0.003183086,0.003456157,0.992227028,0.222469529,0.448126828,0.858699986,0.921025445,0.590677937,7.021612065,16.54980023,0.998038005,0.159748749,259.5871842,-299.8658907,0.232892141,0.155142644,0.029662679,0.27821784,0.847117651
0.6,0.3,-0.066666667,0.309081314,0.417124906,1.130985109,0.960429946,4.522909772,-0.000268977,0.000341277,0.083557951,0.319464677,0.645605191,0.875627754,0.940079117,0.252133249,0.394665725,0.011790451,0.216792748,0.220989152,147.3861761,-111.3585574,0.342175449,0.202173555,0.005339992,0.048765981,0.900041268
0.6,0.3,-0.088888889,0.309005006,0.409212923,1.132011256,0.980921319,3.667506284,9.76E-14,-1.58E-14,-0.098901099,0.325418668,0.693168266,0.85572258,0.901340345,0.290769129,0.564065803,0.001723554,0.283231168,0.237739446,165.8738221,-117.664821,0.300812501,0.285209424,0.011625295,0.041193332,0.921084137
0.6,0.3,-0.111111111,0.340082598,0.461354026,1.136058825,0.959243336,3.665567294,8.78E-13,-9.29E-14,-0.176470588,0.33000233,0.739861751,0.835633111,0.85447564,0.32204612,0.5538928,0.085461856,0.462263909,0.245738991,187.724018,-130.570351,0.236345907,0.260839043,0.010531153,0.038083269,0.92279575
0.6,0.3,-0.133333333,0.332780218,0.44881454,1.132012737,0.976717431,6.092394313,-0.000315129,0.000399318,0.47826087,0.336840345,0.789418752,0.818724897,0.824747196,0.350162933,0.70979741,0.048289368,0.407494427,0.266602672,152.5665816,-92.25728022,0.380167085,0.281740252,0.010327388,0.03829732,0.962122322
0.6,0.35,-0.047619048,0.336243676,0.45921819,1.127985276,0.973228428,5.235473331,-0.000289219,0.000366521,0.478260869,0.344300487,0.846891164,0.799457817,0.773573627,0.349199561,1.030811262,-0.128636923,0.259181162,0.27678628,188.680981,-112.6476357,0.262748784,0.255832295,0.004848754,0.045040448,0.959397319
0.6,0.35,-0.066666667,0.304304165,0.409292638,1.131582093,0.961954232,6.556151093,-0.000180627,0.000210663,-0.169590647,0.317688164,0.632311634,0.881472368,0.949428864,0.244267175,0.163585094,0.076575605,0.417771488,0.218319058,138.5647355,-104.5494621,0.379757465,0.306166986,0.017726773,0.046996033,0.963812519
0.6,0.35,-0.085714286,0.30525516,0.401873064,1.132696799,0.981324824,3.925067154,5.95E-14,4.18E-15,-0.086956522,0.326089435,0.687813617,0.860117612,0.911818613,0.259125667,0.304231121,0.003936092,0.229656804,0.236828305,156.1978116,-110.0833317,0.333539182,0.296952826,0.012925731,0.043044101,0.95609516
0.6,0.35,-0.104761905,0.337813118,0.454863943,1.137493206,0.957201161,5.52461465,-0.000148652,0.000188616,0.02173913,0.332936389,0.741126756,0.839645174,0.868498534,0.288341371,0.466037427,-0.054722349,0.21483279,0.246393592,182.1329234,-125.7304262,0.243549834,0.289395736,0.012070955,0.037489637,0.956467737
0.6,0.35,-0.123809524,0.330306617,0.443038183,1.13248086,0.977490783,6.977452444,8.59E-12,9.68E-13,-0.176470588,0.341548439,0.797665372,0.821748922,0.833158311,0.30532562,0.412767762,0.002640793,0.279343877,0.268850643,151.8651061,-90.84527153,0.37538498,0.298538936,0.011216686,0.036117186,0.963516679
0.6,0.4,-0.041666667,0.335308123,0.458275064,1.126720902,0.972662645,6.411338913,-0.000327191,0.000412444,0.615384615,0.348542174,0.860597414,0.798532219,0.767078788,0.327081295,0.343373271,0.053328798,0.433245346,0.278752557,195.2130793,-116.3815207,0.247428488,0.279002731,0.008474682,0.035360956,0.933655122
0.6,0.4,-0.0625,0.233998341,0.253462513,1.152601609,0.919167183,0.39632458,0.000437494,-1.55E-05,0.915788502,0.230539501,0.52907672,0.799580873,0.787532627,0.359724307,0.481632319,0.994870951,0.992455065,0.223879193,642.0789056,-544.7932768,0.111789045,0.193446566,0.02908814,0.181128655,0.911398215
0.6,0.4,-0.083333333,0.328669457,0.454357503,1.132180732,0.960342711,5.084214748,-0.000286942,0.000361224,0.478260869,0.338580926,0.656390998,0.893842569,0.962038972,0.263955256,0.220274333,0.132330106,0.568347336,0.226730793,117.8716846,-82.33091905,0.455340032,0.302616913,0.013480133,0.040353744,0.972651343
0.6,0.4,-0.104166667,0.325650094,0.434891691,1.135942126,0.979712806,5.11162574,-0.000287729,0.000362215,0.615384615,0.34464374,0.70203858,0.875907047,0.934818401,0.297472359,0.378792592,0.106330803,0.474139569,0.240034909,133.6658319,-90.53416993,0.390193378,0.268649633,0.00860898,0.034808738,0.894459501
0.6,0.4,-0.125,0.351026544,0.479132471,1.137278379,0.966141839,4.73713225,-0.000277202,0.000348907,0.354838709,0.348375387,0.74488177,0.857529945,0.89597368,0.311661396,0.590671845,0.036630058,0.323858347,0.24753282,168.5076343,-115.2345057,0.244726167,0.258784856,0.008405321,0.030754428,0.930141726
0.7,0.35,-0.040816327,0.35459701,0.484523886,1.135634744,0.97242564,7.068664202,-2.77E-11,3.19E-12,-0.176470588,0.352787451,0.790391671,0.839715019,0.860339818,0.354534103,0.629839424,0.083832309,0.461432151,0.263701153,143.5463226,-87.99748551,0.360319494,0.260799338,0.007219556,0.030098331,0.892746719
0.7,0.35,-0.06122449,0.357019678,0.490074264,1.133119179,0.974581188,6.65362997,-0.000167907,0.00021131,0.0625,0.35849193,0.843666541,0.820644172,0.80974593,0.354508429,0.892596433,-0.059306471,0.286353178,0.278656334,150.0581662,-86.47979194,0.340660222,0.074969663,-0.001487649,0.029766989,0.912689541
0.7,0.35,-0.081632653,0.32924344,0.453698096,1.132488901,0.961074144,5.865092198,-0.000310932,0.00039063,0.35483871,0.339911194,0.663684109,0.891442809,0.959356181,0.26040792,0.148640468,0.095244254,0.557041409,0.228895034,118.9341969,-82.37734061,0.447187662,0.30192582,0.011885624,0.037968445,0.96779273
0.7,0.35,-0.102040816,0.326633206,0.434275011,1.136697537,0.980424373,7.343591427,3.85E-12,-1.07E-12,-0.153846154,0.347162102,0.714147653,0.872694805,0.929519285,0.272987806,0.255441068,0.048890725,0.3172441,0.244040014,136.3776946,-91.01564968,0.366451901,0.289215122,0.008898636,0.032321172,0.928835787
0.7,0.35,-0.12244898,0.229850724,0.304213645,1.105673162,0.972159001,0.224921305,6.52E-05,0.000617459,0.917734891,0.221533468,0.470617587,0.833505942,0.859924824,0.320165041,0.387007267,0.793406321,0.988026065,0.183366399,289.9485961,-289.2244971,0.247369477,0.163140687,0.023887867,0.157976582,0.87759774
0.7,0.4,-0.042857143,0.229850724,0.304213645,1.105673162,0.972159001,0.224921305,6.52E-05,0.000617459,0.917734891,0.221533468,0.470617587,0.833505942,0.859924824,0.320165041,0.387007267,0.793406321,0.988026065,0.183366399,289.9485961,-289.2244971,0.247369477,0.163140687,0.023887867,0.157976582,0.87759774
0.7,0.4,-0.064285714,0.229850724,0.304213645,1.105673162,0.972159001,0.224921305,6.52E-05,0.000617459,0.917734891,0.221533468,0.470617587,0.833505942,0.859924824,0.320165041,0.387007267,0.793406321,0.988026065,0.183366399,289.9485961,-289.2244971,0.247369477,0.163140687,0.023887867,0.157976582,0.87759774
0.7,0.4,-0.085714286,0.246244611,0.329651315,1.102001537,0.970363443,0.246246114,6.07E-05,0.000297776,0.832628736,0.240195646,0.618069711,0.744687821,0.673954044,0.372859346,0.320249328,0.6083477,0.98600112,0.276260089,162.0701906,-87.24472574,0.391333691,0.21706654,0.034840525,0.152601215,0.977561158
0.7,0.4,-0.107142857,0.229850724,0.304213645,1.105673162,0.972159001,0.224921305,6.52E-05,0.000617459,0.917734891,0.221533468,0.470617587,0.833505942,0.859924824,0.320165041,0.387007267,0.793406321,0.988026065,0.183366399,289.9485961,-289.2244971,0.247369477,0.163140687,0.023887867,0.157976582,0.87759774
0.7,0.4,-0.128571429,0.229850724,0.304213645,1.105673162,0.972159001,0.224921305,6.52E-05,0.000617459,0.917734891,0.221533468,0.470617587,0.833505942,0.859924824,0.320165041,0.387007267,0.793406321,0.988026065,0.183366399,289.9485961,-289.2244971,0.247369477,0.163140687,0.023887867,0.157976582,0.87759774
0.7,0.45,-0.050793651,0.2603128,0.36117484,1.098046027,0.971892029,0.318851675,0.000110089,0.000107988,0.723329635,0.247396844,0.723804922,0.67515209,0.504813877,0.390886705,0.279313535,0.511420863,0.984126115,0.336658158,173.6272671,-74.72619804,0.291474692,0.234277563,0.036251127,0.136832139,0.97953418
0.7,0.45,-0.06984127,0.266560352,0.353329198,1.108887292,0.976542735,0.254995856,6.86E-05,0.000106374,0.679563238,0.268710103,0.792409268,0.681924803,0.580186009,0.426026045,0.303346137,0.512221283,0.975997488,0.374191136,128.5578598,-45.01964806,0.506811984,0.238403257,0.03666547,0.157934234,0.979420928
2,1,-0.15,0.557115767,0.771187611,1.11933571,0.969626196,0.99999999,-5.58E-33,6.31E-34,0,0.58400671,1.191138505,0.847642913,0.946305288,0.446919539,0.016747526,0.002755731,0.388084588,0.396825465,76.97300105,-35.05626297,0.39977023,0.46155565,0.000550231,0.001338054,0.958248108
2,1,-0.2,0.576504367,0.803644065,1.119135056,0.966843267,6.031714969,-1.46E-14,-9.48E-16,-0.052631579,0.591186272,1.259091169,0.828154574,0.917264946,0.433454122,0.066908974,-0.022169534,0.102096087,0.411441923,85.2515933,-38.29160795,0.337834708,0.206851365,-0.000101054,0.001704772,0.922038549
2,1,-0.25,0.609421483,0.848655645,1.122650771,0.972421365,0.99999999,-5.58E-33,6.31E-34,0,0.610154109,1.421046931,0.78693893,0.844261522,0.526608249,0.015946537,0.001529761,0.438667622,0.443181547,113.2164154,-49.19056219,0.209560522,0.535640122,0.000707225,0.001135354,0.967651517
2,1,-0.3,0.647740629,0.927073653,1.121147649,0.951281454,0.99999999,-5.58E-33,6.31E-34,0,0.620432366,1.489923296,0.772759153,0.825936328,0.547902011,0.017127644,0.000993166,0.360831933,0.456866543,98.80062197,-40.66117205,0.263732541,0.491395798,0.000463068,0.001124019,0.941935832
2,1,-0.35,0.552498093,0.774522376,1.115867177,0.968106815,0.999999996,3.80E-24,3.43E-25,0,0.579817355,1.152293541,0.859042385,0.960499554,0.459863439,0.006036344,0.00243241,0.724027226,0.387764578,69.54429705,-31.47958805,0.479258124,0.548968969,0.000685131,0.001104262,0.936751725
2,1,-0.4,0.56233997,0.778807118,1.119842804,0.964345564,0.999999996,3.80E-24,3.43E-25,0,0.588663614,1.210624124,0.844231589,0.943608119,0.456235886,0.007496209,0.001752126,0.446893116,0.402275579,76.69452527,-34.42267021,0.395971992,0.507165671,0.000642326,0.001146528,0.945350766
2,1.15,-0.130434783,0.569888696,0.786665501,1.120545418,0.96798649,0.999999996,3.80E-24,3.43E-25,0,0.596683999,1.268718924,0.829450294,0.922476312,0.490840056,0.008457304,0.00209748,0.501027617,0.416284574,81.30075386,-35.72593133,0.371490187,0.386953445,0.000185035,0.001557186,0.94392103
2,1.15,-0.173913043,0.568865221,0.779030593,1.120611757,0.978400707,,,,,0.604778535,1.328199265,0.814897937,0.898260879,0.478301601,0.01192562,0.000234159,0.243446971,0.434452386,84.59963177,-35.82814011,0.36314621,0.492422622,5.42E-08,0.002104735,0.888756689
2,1.15,-0.217391304,0.580514893,0.7962774,1.121315685,0.980037064,0.999999996,3.80E-24,3.43E-25,0,0.610885041,1.383675583,0.800604453,0.87311531,0.460605175,0.016414039,-0.00202583,0.165426262,0.442897664,97.4701712,-41.4828224,0.266377603,0.441019474,0.000189509,0.001363485,0.918760469
2,1.15,-0.260869565,0.620250995,0.866211168,1.123881293,0.964020676,0.999999996,3.80E-24,3.43E-25,0,0.618407172,1.441462343,0.787311806,0.852862276,0.51204046,0.011405168,0.001019656,0.385968328,0.446806946,109.0019771,-46.72760376,0.219068299,0.430776289,2.35E-08,0.001969928,0.928331718
2,1.15,-0.304347826,0.682103961,0.971311802,1.129749403,0.970531489,1.000000015,1.56E-24,-3.97E-25,0,0.709446156,1.406900846,0.865275334,0.965890818,0.541070051,0.004567369,0.002074741,0.809654004,0.470730376,55.27328533,-19.69032432,0.538234244,0.533239244,0.000197415,0.000572546,0.94670137
2,1.15,-0.347826087,0.205432032,-0.13440208,1.32233376,0.947545342,1.000000015,1.56E-24,-3.97E-25,0,0.715807852,1.456158307,0.854597565,0.954681571,0.568104303,0.005362694,0.001729701,0.709922581,0.481758228,59.17862436,-21.04690443,0.471238658,0.04758779,-3.56E-05,0.000471523,0.222474034
2,1.3,-0.115384615,0.577578973,0.798431528,1.119485878,0.977323009,0.99999999,-5.58E-33,6.31E-34,0,0.596955786,1.328025284,0.807887302,0.878522085,0.526812984,0.02537056,0.002228135,0.438185256,0.433960283,88.74224375,-37.9367638,0.342347114,0.445599273,0.000352279,0.00152331,0.933928088
2,1.3,-0.153846154,0.20845807,-0.135978075,1.322014774,0.947482189,1.000000015,1.56E-24,-3.97E-25,0,0.721486114,1.505755467,0.843664851,0.940296055,0.545088825,0.005884606,0.001768048,0.529893838,0.489217148,62.64694603,-22.25353171,0.422285057,0.5566931,1.15E-10,0.001092794,0.894331631
2,1.3,-0.192307692,0.205468115,-0.137877312,1.319199148,0.956629742,,,,,0.726255987,1.554913018,0.83254425,0.922008175,0.583276703,0.00592025,0.001885169,0.640648765,0.500316801,64.10481977,-22.35440179,0.42331511,0.507595474,0.000208748,0.000592167,0.892553553
2,1.3,-0.230769231,0.203949735,-0.139839696,1.317751225,0.961572856,1.000000015,1.56E-24,-3.97E-25,0,0.730291869,1.605073884,0.820912953,0.899657577,0.590573361,0.006248956,0.001397157,0.54384868,0.514788848,64.76253821,-21.93894646,0.434627259,0.420223026,9.74E-09,0.00073225,0.839104908
2,1.3,-0.269230769,0.204790046,-0.141675068,1.317660988,0.962982653,1.000000015,1.56E-24,-3.97E-25,0,0.731727765,1.650518029,0.809012475,0.87535425,0.605440387,0.006647276,0.001336335,0.458304278,0.526240394,67.47367346,-22.51439726,0.400059098,0.451478312,6.42E-05,0.000658456,0.873713881
2,1.3,-0.307692308,0.682068337,0.980965137,1.127522874,0.969307,1.000000015,1.56E-24,-3.97E-25,0,0.704930386,1.379316127,0.870801592,0.970736134,0.518594277,0.002778994,0.001615099,0.800921589,0.464442025,53.15129792,-18.92298541,0.57598545,0.666901255,0.000378996,0.000676783,0.944037392
3,1.5,-0.177777778,0.685199478,0.971798157,1.131145996,0.968492071,1.000000015,1.56E-24,-3.97E-25,0,0.712297267,1.426251917,0.861342388,0.962404961,0.509841766,0.002808376,0.001521871,0.738124568,0.475426405,56.2059681,-19.92788791,0.520424886,0.519635043,-8.88E-09,0.001111595,0.919347451
3,1.5,-0.222222222,0.208008405,-0.133542884,1.322206093,0.944528309,1.000000015,1.56E-24,-3.97E-25,0,0.71974594,1.47424976,0.851955946,0.952034,0.574559715,0.003702842,0.001441084,0.736631479,0.485178375,59.24988013,-20.9123424,0.469292394,0.582846628,0.000257834,0.000564724,0.962213601
3,1.5,-0.266666667,0.207409198,-0.135755099,1.320945804,0.949034741,1.000000015,1.56E-24,-3.97E-25,0,0.72559082,1.519467775,0.842558273,0.939440762,0.575611508,0.003939764,0.001552397,0.665272443,0.493390902,61.59736987,-21.58645652,0.441977704,0.470281397,8.66E-05,0.000664608,0.908473739
3,1.5,-0.311111111,0.20378355,-0.13746315,1.317925396,0.958132898,1.000000015,1.56E-24,-3.97E-25,0,0.730584804,1.563602996,0.833127903,0.924515017,0.604996512,0.004565349,0.000880757,0.660447297,0.504113969,62.66665226,-21.55257657,0.445279792,0.568540892,0.000244792,0.000600006,0.935930316
3,1.5,-0.355555556,0.202098971,-0.139281222,1.316492738,0.962754158,,,,,0.735555499,1.609133505,0.823543483,0.908142666,0.591458018,0.004201892,0.001259305,0.596985561,0.516362822,63.68364862,-21.41723315,0.443911006,0.48296301,0.000114621,0.000583157,0.915045137
3,1.5,-0.4,0.598376104,0.834773274,1.119531922,0.977427856,,,,,0.600475567,1.395765424,0.786730861,0.833391736,0.535237144,0.033802725,-0.00140655,0.272450563,0.441028083,112.5162801,-49.10944011,0.215762798,0.341559262,1.40E-08,0.001770876,0.929166997
3,1.75,-0.152380952,0.684321548,0.99576055,1.125013797,0.967161535,1.000000015,1.56E-24,-3.97E-25,0,0.700412867,1.355789391,0.875097861,0.974086505,0.541254887,0.002133539,0.001251371,0.823523468,0.458237873,51.60811718,-18.40419267,0.603821793,0.66734019,0.000454235,0.000656809,0.909726984
3,1.75,-0.19047619,0.680675363,0.967435968,1.13058182,0.967773131,1.000000015,1.56E-24,-3.97E-25,0,0.709083078,1.402266284,0.866531072,0.967532269,0.558023818,0.002330769,0.001252177,0.832222532,0.469492056,54.08488783,-19.15370907,0.556995697,0.274586519,-2.33E-08,0.000598914,0.281401056
3,1.75,-0.228571429,0.207172915,-0.131162464,1.322196758,0.945327021,1.000000015,1.56E-24,-3.97E-25,0,0.715715942,1.444119541,0.85829991,0.959631156,0.58607298,0.00279296,0.000962653,0.799939993,0.479603678,56.78238553,-20.01686928,0.510149261,0.631225356,0.000312131,0.000596318,0.973828564
3,1.75,-0.266666667,0.209249641,-0.133895469,1.322773089,0.942847196,1.000000015,1.56E-24,-3.97E-25,0,0.723043748,1.488369719,0.850064765,0.950336835,0.615594405,0.003203972,0.00078302,0.776274511,0.488508468,59.10416651,-20.69485202,0.474478921,0.19001667,-6.06E-05,0.000596354,0.952285057
3,1.75,-0.304761905,0.206431527,-0.135633228,1.320138207,0.950797234,1.000000015,1.56E-24,-3.97E-25,0,0.728734078,1.529331061,0.841899245,0.939555429,0.566041706,0.002404522,0.001683057,0.697985682,0.49662514,60.74613955,-21.05742709,0.459201555,0.411985869,-1.71E-08,0.00079766,0.919286862
3,1.75,-0.342857143,0.202918978,-0.137086126,1.317247621,0.959173733,1.000000015,1.56E-24,-3.97E-25,0,0.733769643,1.569013002,0.83385055,0.927575837,0.622860661,0.003247845,0.00091636,0.676071345,0.506562268,61.72134229,-21.03124574,0.459624196,0.60076423,0.000307244,0.00048025,0.922517336
3,2,-0.133333333,0.817484774,1.266050905,1.12282883,0.959922692,1.000000012,4.90E-25,-1.72E-25,0,0.80135567,1.513780392,0.887911058,0.981252066,0.52415888,0.001872749,0.000879265,0.365056308,0.509774385,41.31242712,-12.36033115,0.694633771,0.759378734,0.000295071,0.000598035,0.943168188
3,2,-0.166666667,0.795727931,1.172220061,1.134269255,0.971722309,1.000000012,4.90E-25,-1.72E-25,0,0.812144665,1.578117515,0.876849021,0.97576106,0.618663843,0.002361051,0.001186002,0.897651353,0.528306053,44.35998683,-13.22665912,0.631638964,0.74290328,0.000331921,0.000374635,0.945149926
3,2,-0.2,0.786059085,1.122233382,1.140815508,0.977717181,,,,,0.821745637,1.641919013,0.865736365,0.967264733,0.63087379,0.002579376,0.001321654,0.861003232,0.543544839,47.24692952,-14.01370521,0.572400865,0.817750125,0.000226028,0.000498618,0.941291561
3,2,-0.233333333,0.793202096,1.122574218,1.143102319,0.977452571,1.000000012,4.90E-25,-1.72E-25,0,0.829478079,1.702495083,0.854772897,0.955894951,0.675669521,0.002810715,0.001186202,0.840701567,0.556705846,50.28046211,-14.84212766,0.507649228,0.877185309,0.000348081,0.000293691,0.96628345
3,2,-0.266666667,0.659314109,0.955351337,1.119576862,0.945326327,7.020820378,-5.52E-14,-3.79E-14,-0.052631579,0.609404365,1.470378452,0.769001809,0.810819525,0.523104379,0.048870897,-0.008324612,0.168340166,0.451022869,107.4935505,-45.43350439,0.230415237,0.454121364,0.000464819,0.001109172,0.908309137
3,2,-0.3,0.815290748,1.166212268,1.141864849,0.973299295,1.000000012,4.90E-25,-1.72E-25,0,0.836406211,1.763067155,0.843709001,0.942070069,0.705523131,0.003340797,0.001008065,0.776530276,0.565269869,53.84347483,-15.94009177,0.437475606,1.035279445,1.02E-07,0.000935135,0.920744661
4,2,-0.125,0.841320117,1.224999918,1.139100821,0.968231386,1.000000012,4.90E-25,-1.72E-25,0,0.845031929,1.831640136,0.831915573,0.924494411,0.521180981,0.001585789,0.002019416,0.60904236,0.57158546,56.56649978,-16.74519634,0.399380096,0.574395562,0.000161664,0.000303768,0.701156807
4,2,-0.1875,0.823830562,1.299564352,1.117991414,0.955560379,1.000000012,4.90E-25,-1.72E-25,0,0.795729343,1.487888587,0.891653024,0.983485219,0.583959769,0.001264749,0.000722793,0.908271399,0.502634297,40.25116167,-12.05491106,0.716472663,0.7176156,0.000241154,0.000393679,0.941048549
4,2,-0.25,0.805357292,1.215741792,1.128729128,0.965212651,1.000000012,4.90E-25,-1.72E-25,0,0.805585236,1.542143642,0.882686754,0.97958491,0.580090365,0.00127122,0.000789858,0.859461038,0.518400473,42.55577544,-12.69378672,0.668143218,0.831091831,1.47E-08,0.000890413,0.893748451
4,2,-0.3125,0.790868233,1.15182747,1.136677278,0.973783013,1.000000012,4.90E-25,-1.72E-25,0,0.815375505,1.598084059,0.87350046,0.973875241,0.568976124,0.001228133,0.000912412,0.819595022,0.533690838,44.9264633,-13.32426029,0.620424414,0.824029752,0.000331372,0.000386829,0.941566586
4,2,-0.375,0.786691148,1.121324376,1.141366143,0.976991273,1.000000012,4.90E-25,-1.72E-25,0,0.824367744,1.652965071,0.864454719,0.966471909,0.676949773,0.001871185,0.00064207,0.872954417,0.546619552,47.15794213,-13.89354175,0.57244912,0.812248239,0.000225655,0.00040227,0.928865624
4,2,-0.4375,0.794880035,1.127242308,1.142958456,0.975586186,1.000000012,4.90E-25,-1.72E-25,0,0.832768617,1.707530344,0.855487344,0.957379002,0.725657942,0.002214411,0.000406599,0.848683994,0.557534995,49.51722408,-14.52132478,0.519499588,0.714768945,-4.53E-08,0.000701663,0.959526518
4,2.5,-0.1,0.814255424,1.165816717,1.141939535,0.97084629,1.000000012,4.90E-25,-1.72E-25,0,0.841546444,1.764354324,0.846393129,0.946602017,0.729365743,0.001982778,0.000518226,0.795593168,0.566086399,51.95748185,-15.20744216,0.469517545,0.599777486,-9.46E-09,0.000475435,0.923140545
4,2.5,-0.15,0.818781887,1.295179044,1.116757719,0.957128209,1.000000015,1.56E-24,-3.97E-25,0,0.789749279,1.46474184,0.894433799,0.985040949,0.553050543,0.000829208,0.000497148,0.805431014,0.495713802,39.48920291,-11.87941634,0.7296451,0.744316418,0.000324085,0.000377403,0.929147726
4,2.5,-0.2,0.815790849,1.258781311,1.123670067,0.959292837,1.000000015,1.56E-24,-3.97E-25,0,0.798836208,1.511904555,0.886820451,0.982071058,0.497393804,0.000648457,0.00063998,0.371412853,0.510644028,41.49810416,-12.43979455,0.692086175,0.744316418,0.000324085,0.000377403,0.929147726
4,2.5,-0.25,0.643005081,0.920358944,1.118315587,0.964770792,7.020820378,-5.52E-14,-3.79E-14,-0.052631579,0.622588878,1.556772131,0.752022269,0.786356171,0.525396533,0.046642479,-0.008774293,0.157186278,0.472077781,89.00498988,-34.65257376,0.342203508,0.579108075,4.36E-08,0.002537687,0.858510185
4,2.5,-0.3,0.799451993,1.189889944,1.131826107,0.968473535,1.000000015,1.56E-24,-3.97E-25,0,0.80960424,1.565533237,0.878648802,0.977785879,0.587333312,0.00104753,0.000551575,0.656543254,0.525128375,43.41297396,-12.91960398,0.652282249,0.735157781,0.000175124,0.000289341,0.904362993
4,2.5,-0.35,0.789744532,1.144094542,1.13781732,0.974316417,1.000000015,1.56E-24,-3.97E-25,0,0.818003967,1.612797051,0.871094102,0.972502355,0.648206286,0.001186625,0.000520025,0.844558314,0.537352652,45.26686314,-13.3880609,0.613261862,0.981608131,0.000313142,0.000284013,0.924344269
4,3,-0.083333333,0.788732113,1.12523554,1.141317348,0.976152062,1.000000015,1.56E-24,-3.97E-25,0,0.826501372,1.661653158,0.863387142,0.966078588,0.691710209,0.001406317,0.000317377,0.869891199,0.548282776,47.0717153,-13.83208185,0.573475803,0.981608131,0.000313142,0.000284013,0.924344269
4,3,-0.125,0.797493304,1.135129251,1.142326117,0.974164975,1.000000015,1.56E-24,-3.97E-25,0,0.835596269,1.712650904,0.855692898,0.958606923,0.687965546,0.001375824,0.000484691,0.802361936,0.558198595,48.90404748,-14.28438893,0.531782837,0.27765671,-4.42E-05,0.000317378,0.90590518
4,3,-0.166666667,0.916054882,1.464328438,1.122809902,0.964886495,0.999999998,2.85E-17,-3.48E-17,0,0.895706466,1.67182985,0.894228673,0.983185025,0.654075634,0.002135615,0.001045281,0.897019899,0.553057085,34.59511014,-8.960741399,0.752105916,0.502935109,2.17E-05,0.000379927,0.927372901
4,3,-0.208333333,0.91469119,1.43065009,1.128926731,0.965509997,0.999999998,2.85E-17,-3.48E-17,0,0.900644452,1.705819081,0.888643589,0.981660711,0.549691228,0.001411666,0.001627496,0.467694508,0.567096394,36.30112709,-9.420054683,0.719818682,0.694764427,0.000145754,0.000292832,0.891894863
4,3,-0.25,0.916267247,1.410348758,1.133513026,0.964121725,0.999999998,2.85E-17,-3.48E-17,0,0.906708088,1.745612875,0.88228204,0.979405328,0.624080195,0.001991664,0.001416711,0.81257821,0.579318245,37.96637902,-9.856623999,0.681751587,0.990792851,0.000344713,0.000185221,0.600837631
4,3,-0.291666667,0.92392101,1.414553962,1.135130176,0.963292519,0.999999998,2.85E-17,-3.48E-17,0,0.912746364,1.786904004,0.875713596,0.975906902,0.607378207,0.002797361,0.000374428,0.580863355,0.59046986,39.68287332,-10.30431795,0.638472171,0.775112546,0.000112747,0.000309489,0.849616863
5,2,-0.1,0.922712224,1.395560907,1.137948578,0.965960386,0.999999998,2.85E-17,-3.48E-17,0,0.918860447,1.830328512,0.868832301,0.971106835,0.748514711,0.003581739,0.000521488,0.875197533,0.599105322,41.38030136,-10.75971209,0.593282469,0.980120981,0.000359213,0.000180443,0.94784862
5,2,-0.15,0.912231915,1.353965861,1.141590942,0.972834387,0.999999998,2.85E-17,-3.48E-17,0,0.924518499,1.873729432,0.861857939,0.9647181,0.704074325,0.002480541,0.001490157,0.905994346,0.606240061,43.04941866,-11.21091856,0.553654297,0.688823429,1.87E-08,0.000391732,0.806901844
5,2,-0.2,0.551257366,0.763308995,1.118993455,0.970236945,0.99999999,-5.58E-33,6.31E-34,0,0.581208647,1.167768111,0.854318642,0.954821567,0.458387931,0.008996963,0.003138544,0.567758591,0.391826271,72.6604302,-32.98076852,0.443944409,0.527499103,0.000793604,0.001625718,0.910877562
5,2,-0.25,0.913353679,1.443046101,1.125571581,0.965290172,,,,,0.895478785,1.681506027,0.891592406,0.983868079,0.633661532,0.001335525,0.000858145,0.791748877,0.559578722,35.42972836,-9.216913952,0.738235058,0.680448799,-2.53E-08,0.000410644,0.929247108
5,2,-0.3,0.91382313,1.421555343,1.130447312,0.965239022,0.999999998,2.85E-17,-3.48E-17,0,0.900714832,1.713804829,0.886736205,0.982330216,0.677876622,0.001535072,0.000835109,0.900453145,0.57077988,36.76982739,-9.543297387,0.710873784,0.84942066,0.000226478,0.000289768,0.89304498
5,2,-0.35,0.917711449,1.413951724,1.133325687,0.964058346,0.999999998,2.85E-17,-3.48E-17,0,0.906398778,1.748855283,0.881356988,0.979930919,0.496677853,0.000786759,0.001035618,0.523419297,0.58090999,38.08193802,-9.873184195,0.679522128,1.047205531,0.000389772,0.00018007,0.889017042
5,2.5,-0.12,0.922043074,1.411066162,1.134821854,0.962967072,1.000000015,1.56E-24,-3.97E-25,0,0.913078372,1.788300479,0.875336977,0.976638884,0.679265159,0.001812804,0.000558758,0.873072242,0.590672385,39.40187944,-10.21623738,0.64594675,0.793212057,0.000127814,0.000212217,0.750639629
5,2.5,-0.16,0.921635389,1.397033402,1.137460063,0.96494323,0.999999998,2.85E-17,-3.48E-17,0,0.91855403,1.824551417,0.870023447,0.972746209,0.681357086,0.0014995,0.000984563,0.883333401,0.598684482,40.6841507,-10.51644099,0.614008614,0.964572814,3.39E-08,0.000619129,0.942682278
5,2.5,-0.2,0.911147497,1.356285131,1.141155604,0.97109235,0.999999998,2.85E-17,-3.48E-17,0,0.923613023,1.860670171,0.864399401,0.967913592,0.760571565,0.002220479,0.000353828,0.921989951,0.605597751,41.90591818,-10.82123656,0.585503642,1.207556311,0.000492842,0.000172675,0.904007643
5,2.5,-0.24,0.911064536,1.426499771,1.128205435,0.965547009,1.000000015,1.56E-24,-3.97E-25,0,0.894103058,1.684957915,0.890005658,0.984298221,0.748455043,0.001697432,-0.000102848,0.887442715,0.563088296,35.97562117,-9.379794017,0.729230267,0.961114549,0.000400765,0.000171092,0.876537295
5,2.5,-0.28,0.911965127,1.411569595,1.13137192,0.9652497,1.000000015,1.56E-24,-3.97E-25,0,0.9008574,1.720081209,0.885054312,0.982370812,0.299729008,7.94E-05,0.000990011,0.489409956,0.573378852,37.08205574,-9.641790782,0.704402877,0.680448799,-2.53E-08,0.000410644,0.929247108
5,2.5,-0.32,0.915898982,1.407052278,1.133686334,0.963894509,1.000000015,1.56E-24,-3.97E-25,0,0.905848355,1.750339852,0.880405544,0.980125921,0.502866605,0.000647926,0.00060991,0.504500194,0.582100174,38.16894374,-9.908303049,0.67882807,0.778883464,0.000113629,0.000309527,0.84965008
5,3,-0.133333333,0.922662531,1.414000877,1.134668897,0.962037125,1.000000015,1.56E-24,-3.97E-25,0,0.912258372,1.785509016,0.875547494,0.977253622,0.735467655,0.001531099,0.000344146,0.916025012,0.59077255,39.2211792,-10.14928574,0.652599197,1.120857911,0.000309626,0.000194959,0.720358977
5,3,-0.166666667,0.572536715,0.798717352,1.119228246,0.961139329,0.99999999,-5.58E-33,6.31E-34,0,0.591324555,1.235176263,0.83739466,0.933287808,0.474776643,0.011645625,0.002401091,0.491139707,0.406816567,80.83792303,-36.31584768,0.360242271,0.35402602,0.000115162,0.001400015,0.936349897
5,3,-0.2,0.92344136,1.40458016,1.136481713,0.962780496,1.000000015,1.56E-24,-3.97E-25,0,0.917320117,1.817431266,0.870802647,0.9739724,0.720667076,0.001080374,0.000676241,0.918186601,0.597745751,40.23146703,-10.39180724,0.627316036,1.075094139,0.000298694,0.000295682,0.95894632
5,3,-0.233333333,0.914815827,1.370049913,1.139835661,0.967863959,1.000000015,1.56E-24,-3.97E-25,0,0.922359102,1.849895865,0.865875479,0.970107376,0.75940704,0.001460497,0.000510613,0.884520232,0.604405129,41.20131061,-10.61685607,0.604622646,0.456955138,-5.67E-05,0.000400081,0.95540706
5,3,-0.266666667,0.570150386,0.785127507,1.120337381,0.975227832,,,,,0.598401374,1.297358757,0.820562663,0.905760576,0.463584645,0.019594599,-0.00150328,0.188448412,0.425153616,83.49643659,-36.058452,0.374341961,0.456620215,0.000380621,0.001326898,0.932943829
5,3,-0.3,0.57783102,0.795064146,1.120406538,0.979244769,0.99999999,-5.58E-33,6.31E-34,0,0.604014458,1.358638728,0.803418844,0.872720572,0.481534083,0.018150925,3.02E-06,0.255045285,0.439843574,93.3101225,-39.68570865,0.296816041,0.445221997,0.000307996,0.001373233,0.915964734
10,5,-0.4,1.306526635,2.09819188,1.049129549,0.951800168,1.000000005,-3.95E-26,-2.44E-25,0,1.306996591,2.693524585,0.778336981,0.969166451,1.000000005,-3.95E-26,-2.44E-25,0,0.825904083,30.17177546,-7.88196432,0.541734801,1.000000005,-3.95E-26,-2.44E-25,0
10,5,-0.6,1.297108072,1.927528878,1.078785698,0.966483952,1.000000005,-3.95E-26,-2.44E-25,0,1.364297916,3.126749339,0.704888814,0.918766075,1.000000005,-3.95E-26,-2.44E-25,0,0.930050356,39.31335136,-10.13202959,0.354061418,,,,
10,5,-0.8,1.337178357,2.013769922,1.075242155,0.957439769,1.000000005,-3.95E-26,-2.44E-25,0,1.381435533,3.268354528,0.68146173,0.895963757,0.887683884,6.64E-05,-2.11E-05,0.106094981,0.955991868,41.56791968,-10.60418757,0.325603854,1.000000005,-3.95E-26,-2.44E-25,0
10,5,-1,1.321653634,2.191735432,1.035391804,0.94567871,1.000000005,-3.95E-26,-2.44E-25,0,1.283175728,2.58035466,0.794028152,0.975865185,1.000000005,-3.95E-26,-2.44E-25,0,0.792695234,28.0809177,-7.344208023,0.597091541,1.000000005,-3.95E-26,-2.44E-25,0
10,6,-0.25,1.29654536,1.998800213,1.06586597,0.952581816,1.000000005,-3.95E-26,-2.44E-25,0,1.327015352,2.843151867,0.75236119,0.956719278,1.000000005,-3.95E-26,-2.44E-25,0,0.868631708,33.25752658,-8.648855981,0.469225274,,,,
10,6,-0.416666667,1.281797187,1.923287857,1.075024581,0.965020553,1.000000005,-3.95E-26,-2.44E-25,0,1.349708337,2.981988195,0.731136432,0.943105792,0.821484469,2.89E-05,-9.85E-06,0.045329274,0.901324217,35.60192177,-9.180561232,0.425461318,,,,
10,6,-0.583333333,1.289704189,1.912903378,1.079435048,0.966311428,1.000000005,-3.95E-26,-2.44E-25,0,1.364214592,3.099062033,0.711402119,0.926790938,0.821484469,2.89E-05,-9.85E-06,0.045329274,0.926223225,38.00953684,-9.754198624,0.378577016,,,,
10,6,-0.75,1.32283133,1.979027859,1.077624176,0.957243999,1.000000005,-3.95E-26,-2.44E-25,0,1.38221889,3.227314482,0.69137749,0.909378116,0.821484469,2.89E-05,-9.85E-06,0.045329274,0.949972922,40.04423438,-10.18922119,0.345763814,1.000000005,-3.95E-26,-2.44E-25,0
10,6,-0.916666667,1.641275771,2.859380804,1.02985245,0.950657255,1.000000005,-3.95E-26,-2.44E-25,0,1.591126738,3.189033611,0.791252872,0.977276214,1.000000005,-3.95E-26,-2.44E-25,0,0.975104812,22.21297908,-4.723680349,0.703852598,1.000000005,-3.95E-26,-2.44E-25,0
10,6,-1.083333333,1.645508775,2.818667412,1.038625279,0.949113613,1.000000005,-3.95E-26,-2.44E-25,0,1.601586059,3.260018635,0.780879434,0.97648744,1.660802883,0.000115921,-2.12E-05,0.132724726,1.003973242,23.46483643,-5.011158702,0.674686797,1.000000005,-3.95E-26,-2.44E-25,0
10,7,-0.285714286,1.29532407,1.994542929,1.066022451,0.954247071,1.000000005,-3.95E-26,-2.44E-25,0,1.326996068,2.845637041,0.751629085,0.955372055,1.130882511,0.000194234,-4.49E-05,0.275767426,0.86595231,33.94845847,-8.903472536,0.447894949,,,,
10,7,-0.428571429,1.626850028,2.705910472,1.052431241,0.953868494,1.000000005,-3.95E-26,-2.44E-25,0,1.604694203,3.306169956,0.772657662,0.975198846,1.000000005,-3.95E-26,-2.44E-25,0,1.023688209,24.62605594,-5.290155804,0.642597229,1.000000005,-3.95E-26,-2.44E-25,0
10,7,-0.571428571,1.608815657,2.607467194,1.063701878,0.959266813,1.000000005,-3.95E-26,-2.44E-25,0,1.615608484,3.385900052,0.760858018,0.972712383,1.336282017,0.000184855,-3.32E-05,0.198102611,1.043647767,25.81301691,-5.562319497,0.602845055,1.000000005,-3.95E-26,-2.44E-25,0
10,7,-0.714285714,1.595698326,2.532245731,1.072342412,0.963848065,1.000000005,-3.95E-26,-2.44E-25,0,1.62586616,3.465646641,0.748991357,0.969125532,,,,,1.059420208,26.97595182,-5.831838488,0.56165007,1.000000005,-3.95E-26,-2.44E-25,0
10,7,-0.857142857,1.588149589,2.477452335,1.079267057,0.96707978,1.000000005,-3.95E-26,-2.44E-25,0,1.631262635,3.530998644,0.738014931,0.964624833,1.000000005,-3.95E-26,-2.44E-25,0,1.073085694,28.25858187,-6.140377846,0.522037434,1.000000005,-3.95E-26,-2.44E-25,0
10,7,-1,1.638012004,2.803892637,1.038837057,0.94968532,1.000000005,-3.95E-26,-2.44E-25,0,1.587211698,3.20775701,0.785455717,0.980551334,1.000000005,-3.95E-26,-2.44E-25,0,0.994814222,23.20094316,-4.964661176,0.685241855,1.000000005,-3.95E-26,-2.44E-25,0
15,5,-0.266666667,1.625685372,2.708048733,1.051847161,0.951909669,1.000000005,-3.95E-26,-2.44E-25,0,1.596659171,3.280129301,0.774478491,0.978477757,1.000000005,-3.95E-26,-2.44E-25,0,1.019048618,24.38988206,-5.237090214,0.650767665,1.000000005,-3.95E-26,-2.44E-25,0
15,5,-0.4,1.601703902,2.586779394,1.065311631,0.958727306,1.000000005,-3.95E-26,-2.44E-25,0,1.612409105,3.377750086,0.761089797,0.974915447,1.000000005,-3.95E-26,-2.44E-25,0,1.045255489,25.6045802,-5.496953532,0.61257195,1.000000005,-3.95E-26,-2.44E-25,0
15,5,-0.533333333,1.584388146,2.494512641,1.075842305,0.96338055,1.000000005,-3.95E-26,-2.44E-25,0,1.626725731,3.472138869,0.748103108,0.970100678,1.000000005,-3.95E-26,-2.44E-25,0,1.066094971,26.70961425,-5.730295997,0.574513292,1.000000005,-3.95E-26,-2.44E-25,0
15,5,-0.666666667,1.638880739,3.073916691,0.985344016,0.95322946,0.930007747,0.007852481,-0.001935608,0.5969181,1.575696873,3.10791408,0.80320624,0.981241494,0.870666493,0.307955512,-0.076995174,0.621527811,0.945187841,21.09730487,-4.466750459,0.72751635,0.108526208,2.17E-08,0.000438839,0.194163085
15,5,-0.8,1.583341302,2.433067032,1.085446796,0.966057633,1.000000005,-3.95E-26,-2.44E-25,0,1.649161446,3.649402224,0.722161319,0.957442173,1.000000005,-3.95E-26,-2.44E-25,0,1.101204405,28.98573955,-6.218928995,0.503535825,1.000000005,-3.95E-26,-2.44E-25,0
15,5,-0.933333333,1.290520906,1.944964147,1.072711093,0.968512832,1.000000005,-3.95E-26,-2.44E-25,0,1.34854441,3.00988336,0.723778051,0.934125331,1.099361051,0.000189097,-4.59E-05,0.28778181,0.898869371,37.24224577,-9.714830773,0.386808055,1.000000005,-3.95E-26,-2.44E-25,0
15,7.5,-0.355555556,1.625868495,2.712101519,1.051257788,0.950580614,1.000000005,-3.95E-26,-2.44E-25,0,1.589118416,3.257336638,0.77588058,0.979842927,1.000000005,-3.95E-26,-2.44E-25,0,1.015584231,24.27732721,-5.216167242,0.65470081,1.000000005,-3.95E-26,-2.44E-25,0
15,7.5,-0.488888889,1.600609605,2.584744415,1.065451374,0.958125543,1.000000005,-3.95E-26,-2.44E-25,0,1.607976294,3.365516331,0.761712614,0.975796241,1.000000005,-3.95E-26,-2.44E-25,0,1.043007716,25.42740272,-5.452019702,0.618512854,1.000000005,-3.95E-26,-2.44E-25,0
15,7.5,-0.622222222,1.585446737,2.498624826,1.075562305,0.962740007,1.000000005,-3.95E-26,-2.44E-25,0,1.626291169,3.47342902,0.747686888,0.970676701,1.000000005,-3.95E-26,-2.44E-25,0,1.069723733,26.58719718,-5.683624866,0.583355305,1.000000005,-3.95E-26,-2.44E-25,0
15,7.5,-0.755555556,1.580968141,2.449469656,1.082495184,0.964358612,1.000000005,-3.95E-26,-2.44E-25,0,1.639089383,3.567104448,0.734316777,0.96476242,1.000000005,-3.95E-26,-2.44E-25,0,1.087487518,27.63579714,-5.904184593,0.548257852,1.000000005,-3.95E-26,-2.44E-25,0
15,7.5,-0.088888889,1.590970856,2.452952262,1.084665965,0.96263992,1.000000005,-3.95E-26,-2.44E-25,0,1.655419869,3.672794725,0.720362379,0.957686668,1.000000005,-3.95E-26,-2.44E-25,0,1.107297318,28.66128754,-6.103527164,0.516496247,1.000000005,-3.95E-26,-2.44E-25,0
15,7.5,-1.022222222,1.605467294,2.475395392,1.084779964,0.960955613,1.000000005,-3.95E-26,-2.44E-25,0,1.670428193,3.774766503,0.706847331,0.949830943,1.000000005,-3.95E-26,-2.44E-25,0,1.125228919,29.6194384,-6.284945811,0.488991847,1.000000005,-3.95E-26,-2.44E-25,0
15,10,-0.466666667,1.900070724,3.266269989,1.049085612,0.955187984,1.000000005,-3.95E-26,-2.44E-25,0,1.848452652,3.812045893,0.765567931,0.982424843,1.000000005,-3.95E-26,-2.44E-25,0,1.173934109,20.88547414,-3.915179262,0.711093054,1.000000005,-3.95E-26,-2.44E-25,0
15,10,-0.6,1.884124223,3.179820725,1.05795615,0.958633429,1.000000005,-3.95E-26,-2.44E-25,0,1.858703154,3.875566299,0.757827645,0.981097336,1.000000005,-3.95E-26,-2.44E-25,0,1.191316069,21.45168838,-4.022207156,0.692319702,1.000000005,-3.95E-26,-2.44E-25,0
15,10,-0.733333333,1.869353062,3.10085928,1.066053499,0.962081358,1.000000005,-3.95E-26,-2.44E-25,0,1.868564128,3.938489936,0.750085606,0.979443044,1.000000005,-3.95E-26,-2.44E-25,0,1.206441059,21.97618594,-4.119859294,0.672343508,1.000000005,-3.95E-26,-2.44E-25,0
15,10,-0.866666667,1.855982161,3.02757721,1.073603471,0.965176246,1.000000005,-3.95E-26,-2.44E-25,0,1.874381746,3.988756397,0.743187021,0.977743119,1.000000005,-3.95E-26,-2.44E-25,0,1.218633997,22.51700998,-4.227780053,0.652995709,1.000000005,-3.95E-26,-2.44E-25,0
15,10,-1,1.313131061,1.965104518,1.076404005,0.96591735,1.000000005,-3.95E-26,-2.44E-25,0,1.360841291,3.155396177,0.696279261,0.906426129,1.061405654,0.000209203,-4.70E-05,0.208459461,0.932787694,41.27164473,-10.71862972,0.322150682,1.000000005,-3.95E-26,-2.44E-25,0
15,10,-1.133333333,1.844599224,2.965126486,1.080000077,0.967280995,1.000000005,-3.95E-26,-2.44E-25,0,1.88378061,4.052229172,0.735301011,0.975433392,1.000000005,-3.95E-26,-2.44E-25,0,1.230723927,23.00646866,-4.318705524,0.632597628,1.000000005,-3.95E-26,-2.44E-25,0
20,10,-0.55,1.838989539,2.926500247,1.084301492,0.969286553,1.000000005,-3.95E-26,-2.44E-25,0,1.893328383,4.117700601,0.727191558,0.972798726,1.000000005,-3.95E-26,-2.44E-25,0,1.245087759,23.56100462,-4.420740026,0.612936398,1.000000005,-3.95E-26,-2.44E-25,0
20,10,-0.65,1.875945485,3.139337267,1.061995268,0.959820053,1.000000005,-3.95E-26,-2.44E-25,0,1.859395923,3.895991027,0.754307467,0.981174169,1.000000005,-3.95E-26,-2.44E-25,0,1.197892295,21.67549291,-4.064215891,0.685304961,1.000000005,-3.95E-26,-2.44E-25,0
20,10,-0.75,1.863695176,3.075057477,1.068551172,0.962425663,1.000000005,-3.95E-26,-2.44E-25,0,1.868674112,3.951357226,0.747787134,0.979595889,1.000000005,-3.95E-26,-2.44E-25,0,1.209370819,22.05793094,-4.132788758,0.66995323,1.000000005,-3.95E-26,-2.44E-25,0
20,10,-0.85,1.856092144,3.03028932,1.072788701,0.964591074,1.00000001,1.72E-16,-1.74E-17,0,1.877226999,4.004400478,0.741147194,0.977705214,1.00000001,1.72E-16,-1.74E-17,0,1.2233927,22.51498593,-4.219924678,0.65398344,1.00000001,1.72E-16,-1.74E-17,0
20,10,-0.95,1.844625461,2.968109447,1.079630621,0.966737707,1.000000005,-3.95E-26,-2.44E-25,0,1.881730107,4.04581127,0.735691606,0.97599542,1.000000005,-3.95E-26,-2.44E-25,0,1.23261545,22.93364169,-4.297369704,0.639079642,1.000000005,-3.95E-26,-2.44E-25,0
20,10,-1.05,1.840323155,2.936466978,1.083266928,0.968189789,1.000000005,-3.95E-26,-2.44E-25,0,1.888955671,4.094458398,0.72980392,0.973890776,1.000000005,-3.95E-26,-2.44E-25,0,1.242140441,23.29175625,-4.360220226,0.623468958,1.000000005,-3.95E-26,-2.44E-25,0
20,12.5,-0.68,1.844625461,2.968109447,1.079630621,0.966737707,1.000000005,-3.95E-26,-2.44E-25,0,1.881730107,4.04581127,0.735691606,0.97599542,1.000000005,-3.95E-26,-2.44E-25,0,1.23261545,22.93364169,-4.297369704,0.639079642,1.000000005,-3.95E-26,-2.44E-25,0
20,12.5,-0.76,1.854227757,3.022021809,1.074087737,0.964498393,1.000000005,-3.95E-26,-2.44E-25,0,1.876804348,4.007712908,0.740698611,0.977975591,1.000000005,-3.95E-26,-2.44E-25,0,1.224162442,22.48684338,-4.20572565,0.656176365,1.000000005,-3.95E-26,-2.44E-25,0
20,12.5,-0.84,1.845984127,2.97410876,1.079246956,0.966079768,1.000000005,-3.95E-26,-2.44E-25,0,1.879669671,4.039433282,0.736129363,0.976418643,1.000000005,-3.95E-26,-2.44E-25,0,1.231622539,22.83831423,-4.275364604,0.643259249,1.000000005,-3.95E-26,-2.44E-25,0
20,12.5,-0.92,1.354914467,2.058231281,1.07186363,0.95923461,1.000000005,-3.95E-26,-2.44E-25,0,1.375000719,3.311741063,0.668050065,0.874968855,1.145679329,0.000192829,-1.14E-05,0.178343141,0.963193984,43.36256599,-11.08102803,0.310294418,1.000000005,-3.95E-26,-2.44E-25,0
20,12.5,-1,1.842596352,2.947915188,1.082262476,0.967166188,1.000000005,-3.95E-26,-2.44E-25,0,1.888445223,4.091316546,0.730133943,0.974563149,1.000000005,-3.95E-26,-2.44E-25,0,1.241192153,23.15770428,-4.330212377,0.631121179,1.000000005,-3.95E-26,-2.44E-25,0
20,12.5,-0.92,1.840824914,2.926943442,1.084980643,0.967715888,1.000000005,-3.95E-26,-2.44E-25,0,1.896081904,4.138391654,0.724658986,0.972639701,1.000000005,-3.95E-26,-2.44E-25,0,1.250611524,23.47321154,-4.383622494,0.618951294,1.000000005,-3.95E-26,-2.44E-25,0
20,15,-0.833333333,1.841725845,2.916087529,1.086746267,0.967872902,1.000000005,-3.95E-26,-2.44E-25,0,1.904299597,4.188315548,0.718925518,0.970587997,1.000000005,-3.95E-26,-2.44E-25,0,1.260207698,23.79798203,-4.438663853,0.607100152,1.000000005,-3.95E-26,-2.44E-25,0
20,15,-0.9,1.844082206,2.910094427,1.088302636,0.967537509,1.000000005,-3.95E-26,-2.44E-25,0,1.913453862,4.243273515,0.712641761,0.968248059,1.000000005,-3.95E-26,-2.44E-25,0,1.269085226,24.10651221,-4.490191458,0.595264422,1.000000005,-3.95E-26,-2.44E-25,0
20,15,-0.966666667,2.14864138,3.732599265,1.052721255,0.957767756,1.000000005,-3.95E-26,-2.44E-25,0,2.097119893,4.449386852,0.738292724,0.98238712,1.000000005,-3.95E-26,-2.44E-25,0,1.343210773,19.46630145,-3.29737704,0.715679268,1.000000005,-3.95E-26,-2.44E-25,0
20,15,-1.033333333,2.150682931,3.719106786,1.055313892,0.957224607,1.000000005,-3.95E-26,-2.44E-25,0,2.097946007,4.468420246,0.735408148,0.981824091,1.000000005,-3.95E-26,-2.44E-25,0,1.348680349,19.69952101,-3.34198832,0.706327445,1.000000005,-3.95E-26,-2.44E-25,0
20,15,-1.1,2.145392477,3.684430089,1.058755359,0.958242468,1.000000005,-3.95E-26,-2.44E-25,0,2.103762767,4.507552189,0.730948604,0.980985395,1.000000005,-3.95E-26,-2.44E-25,0,1.357153828,19.94719956,-3.384276527,0.696144297,1.000000005,-3.95E-26,-2.44E-25,0
20,15,-1.166666667,2.135407852,3.633851417,1.063276728,0.96051238,1.000000005,-3.95E-26,-2.44E-25,0,2.10928583,4.545387806,0.726577489,0.980048715,1.000000005,-3.95E-26,-2.44E-25,0,1.365395126,20.1944882,-3.426424374,0.685891256,1.000000005,-3.95E-26,-2.44E-25,0
25,12,-0.833333333,2.124465692,3.581061436,1.06787458,0.962742546,1.000000005,-3.95E-26,-2.44E-25,0,2.112648759,4.573276934,0.723249329,0.978581306,1.000000005,-3.95E-26,-2.44E-25,0,1.373701297,20.4458789,-3.469056614,0.675502695,1.000000005,-3.95E-26,-2.44E-25,0
25,12,-0.9,2.104554562,3.486240078,1.075957513,0.967036501,1.000000005,-3.95E-26,-2.44E-25,0,2.125848613,4.661269188,0.713268317,0.976692195,1.000000005,-3.95E-26,-2.44E-25,0,1.389400009,20.9402743,-3.55247849,0.65481802,1.000000005,-3.95E-26,-2.44E-25,0
25,12,-0.966666667,1.331244628,2.243428655,1.028209368,0.943126747,1.000000005,-3.95E-26,-2.44E-25,0,1.279384486,2.550143605,0.799697,0.976838776,1.000000005,-3.95E-26,-2.44E-25,0,0.78053254,27.34410869,-7.147703845,0.616142709,1.000000005,-3.95E-26,-2.44E-25,0
25,12,-1.033333333,2.148032141,3.710208212,1.055929452,0.956801579,1.000000005,-3.95E-26,-2.44E-25,0,2.094570652,4.459838745,0.735661176,0.982412863,1.000000005,-3.95E-26,-2.44E-25,0,1.347679295,19.67466762,-3.33748981,0.707201372,1.000000005,-3.95E-26,-2.44E-25,0
25,12,-1.1,2.144858772,3.685308054,1.058542992,0.957729864,1.000000005,-3.95E-26,-2.44E-25,0,2.100158312,4.495614879,0.731674244,0.981617331,1.000000005,-3.95E-26,-2.44E-25,0,1.355709562,19.8932374,-3.374210168,0.698937534,1.000000005,-3.95E-26,-2.44E-25,0
25,12,-1.233333333,2.125635508,3.591368724,1.066791638,0.96176154,1.000000005,-3.95E-26,-2.44E-25,0,2.111187045,4.566738604,0.723734976,0.979849977,1.000000005,-3.95E-26,-2.44E-25,0,1.370846292,20.3173299,-3.444638693,0.681858005,1.000000005,-3.95E-26,-2.44E-25,0
25,14,-0.885714286,2.116049959,3.545958787,1.070722475,0.963777171,1.000000005,-3.95E-26,-2.44E-25,0,2.115946861,4.598895841,0.720092398,0.978851853,1.000000005,-3.95E-26,-2.44E-25,0,1.378138046,20.52548648,-3.478850029,0.673324901,1.000000005,-3.95E-26,-2.44E-25,0
25,14,-0.942857143,2.107011692,3.503403639,1.074275264,0.965722006,1.000000005,-3.95E-26,-2.44E-25,0,2.120537791,4.631144306,0.716405222,0.97783509,1.000000005,-3.95E-26,-2.44E-25,0,1.385242288,20.73182981,-3.512697442,0.664793932,1.000000005,-3.95E-26,-2.44E-25,0
25,14,-1.057142857,2.098416254,3.462954425,1.077750274,0.967574348,1.000000005,-3.95E-26,-2.44E-25,0,2.126842937,4.671277998,0.711997131,0.976684219,1.000000005,-3.95E-26,-2.44E-25,0,1.392178353,20.93667541,-3.546214944,0.656479851,1.000000005,-3.95E-26,-2.44E-25,0
25,14,-1.114285714,2.13666495,3.646434182,1.061947138,0.958941349,1.000000005,-3.95E-26,-2.44E-25,0,2.102439962,4.518719047,0.728627861,0.981249335,1.000000005,-3.95E-26,-2.44E-25,0,1.36150459,20.03667208,-3.396786225,0.693753686,1.000000005,-3.95E-26,-2.44E-25,0
25,14,-1.171428571,2.127823629,3.604072927,1.065632313,0.960850059,1.000000005,-3.95E-26,-2.44E-25,0,2.1074023,4.550199804,0.72518014,0.980438364,1.000000005,-3.95E-26,-2.44E-25,0,1.368274343,20.21836124,-3.426415664,0.686532853,1.000000005,-3.95E-26,-2.44E-25,0
25,14,-1.228571429,2.118563104,3.560329952,1.069407971,0.962673929,1.000000005,-3.95E-26,-2.44E-25,0,2.113037531,4.584881707,0.721391231,0.97954877,1.000000005,-3.95E-26,-2.44E-25,0,1.374910886,20.39744678,-3.455340116,0.679230949,1.000000005,-3.95E-26,-2.44E-25,0
25,16,-0.975,2.110594401,3.522868075,1.072508315,0.964512219,1.000000005,-3.95E-26,-2.44E-25,0,2.117751252,4.615297382,0.718029439,0.978603703,1.000000005,-3.95E-26,-2.44E-25,0,1.381540791,20.57657673,-3.484023146,0.672019751,1.000000005,-3.95E-26,-2.44E-25,0
25,16,-1.025,1.304120302,2.080528107,1.051915907,0.951698207,1.000000005,-3.95E-26,-2.44E-25,0,1.308975843,2.711864226,0.774845715,0.968407227,1.000000005,-3.95E-26,-2.44E-25,0,0.832634142,30.49331688,-7.949669531,0.535005992,,,,
25,16,-1.075,2.102567746,3.484861305,1.075776214,0.966240521,1.000000005,-3.95E-26,-2.44E-25,0,2.122414151,4.646017344,0.714647595,0.977672373,1.000000005,-3.95E-26,-2.44E-25,0,1.388069754,20.75493173,-3.512559089,0.664873064,1.000000005,-3.95E-26,-2.44E-25,0
25,16,-1.125,2.095249323,3.450524139,1.078737866,0.967890959,1.000000005,-3.95E-26,-2.44E-25,0,2.127748728,4.679749083,0.71095503,0.976639206,1.000000005,-3.95E-26,-2.44E-25,0,1.394404934,20.93042817,-3.540550181,0.657918586,1.000000005,-3.95E-26,-2.44E-25,0
25,16,-1.175,1.295196295,1.994546209,1.066182211,0.953392612,1.000000005,-3.95E-26,-2.44E-25,0,1.327369531,2.845608957,0.751887636,0.956094811,5.031019192,-1.17E-15,7.81E-17,-0.052631579,0.867860613,33.54233186,-8.751139697,0.460088667,1.000000005,-3.95E-26,-2.44E-25,0
25,16,-1.225,1.282080058,1.921333571,1.075145836,0.966669554,1.000000005,-3.95E-26,-2.44E-25,0,1.350371014,2.997721798,0.727655952,0.939405271,0.827715177,5.78E-05,-1.92E-05,0.091958807,0.903434282,36.37136694,-9.414268367,0.40900944,,,,
