L1,L2,L3,AIC,MAE,RMSE,R2,Trainable Parameters,Div
256,256,256,22959.73244,3.352113075,27.65992015,0.561406362,16777234,2.45E-05
256,256,256,23012.23332,3.281468192,27.8708141,0.614151278,16777234,2.67E-05
256,256,256,23033.4258,3.286362028,27.95639833,0.573805598,16777234,2.49E-05
256,256,256,23079.99352,3.258188109,28.14538284,0.5518841,16777234,2.39E-05
256,256,256,23130.36148,3.306974838,28.35122822,0.609037948,16777234,2.63E-05
256,256,256,23132.73489,3.334952798,28.36096502,0.53547331,16777234,2.31E-05
256,256,256,23134.63529,3.357517502,28.36876369,0.557665282,16777234,2.41E-05
256,256,256,23136.82768,3.404093757,28.37776331,0.540939508,16777234,2.34E-05
256,256,256,23179.47006,3.368711699,28.55337611,0.548131701,16777234,2.36E-05
224,256,256,23002.94295,3.299891916,27.83337829,0.585584107,14680082,2.55E-05
224,256,256,23078.20476,3.292381623,28.13810002,0.548914603,14680082,2.38E-05
224,256,256,23101.33838,3.319362143,28.2324326,0.563495472,14680082,2.44E-05
224,256,256,23119.52641,3.409274971,28.30682039,0.530115533,14680082,2.29E-05
224,256,256,23137.08332,3.375944322,28.37881289,0.552614281,14680082,2.39E-05
224,256,256,23148.19759,3.310030356,28.42448178,0.583415382,14680082,2.52E-05
224,256,256,23148.60834,3.340369655,28.42617099,0.515549,14680082,2.23E-05
224,256,256,23152.55193,3.407336199,28.44239395,0.53166165,14680082,2.30E-05
224,256,256,23181.26002,3.341566787,28.5607714,0.514013256,14680082,2.22E-05
256,224,224,22983.29415,3.280360231,27.7543685,0.602133424,12845074,2.62E-05
256,224,224,22995.61423,3.26353044,27.8038825,0.575876439,12845074,2.50E-05
256,224,224,23066.23704,3.283465284,28.08942275,0.536960894,12845074,2.33E-05
256,224,224,23079.41288,3.363632841,28.1430186,0.5458351,12845074,2.37E-05
256,224,224,23089.04886,3.333722903,28.18227998,0.524031539,12845074,2.27E-05
256,224,224,23089.89096,3.304790708,28.18571371,0.566025854,12845074,2.45E-05
256,224,224,23102.79713,3.337020561,28.23839155,0.578425325,12845074,2.50E-05
256,224,224,23139.97562,3.33044957,28.39069038,0.576291429,12845074,2.49E-05
256,224,224,23176.79911,3.412561623,28.54234462,0.507533205,12845074,2.19E-05
192,256,256,23029.31232,3.271443323,27.93976581,0.60361113,12582930,2.62E-05
192,256,256,23037.46742,3.309703813,27.97274991,0.59603655,12582930,2.59E-05
192,256,256,23079.06756,3.325870971,28.14161265,0.60723439,12582930,2.63E-05
192,256,256,23111.50608,3.379315616,28.27399368,0.541509187,12582930,2.34E-05
192,256,256,23116.8762,3.359427348,28.29596904,0.567684182,12582930,2.46E-05
192,256,256,23121.21347,3.296805511,28.3137303,0.568247735,12582930,2.46E-05
192,256,256,23134.51656,3.412289371,28.36827642,0.545792734,12582930,2.36E-05
192,256,256,23167.15469,3.358522805,28.50254681,0.570528124,12582930,2.46E-05
192,256,256,23169.15723,3.372216654,28.51080572,0.582394825,12582930,2.51E-05
224,224,224,23011.34194,3.318985059,27.86722011,0.619865322,11239442,2.69E-05
224,224,224,23062.67031,3.267679632,28.07493179,0.556894003,11239442,2.41E-05
224,224,224,23084.74675,3.338389754,28.16474446,0.537024934,11239442,2.33E-05
224,224,224,23100.1855,3.341218938,28.22772398,0.593349767,11239442,2.57E-05
224,224,224,23125.39341,3.340103792,28.33085782,0.555540102,11239442,2.40E-05
224,224,224,23128.52821,3.354525896,28.34370964,0.521224689,11239442,2.25E-05
224,224,224,23139.44734,3.312198255,28.38852059,0.589883116,11239442,2.55E-05
224,224,224,23164.43026,3.40233465,28.49131446,0.542672947,11239442,2.34E-05
224,224,224,23219.98375,3.441049453,28.72122905,0.520553351,11239442,2.24E-05
160,256,256,23028.50444,3.281515412,27.93650037,0.593678498,10485778,2.58E-05
160,256,256,23056.24789,3.299816218,28.0488575,0.554282031,10485778,2.40E-05
160,256,256,23062.70406,3.328116204,28.07506884,0.574029209,10485778,2.49E-05
160,256,256,23065.8174,3.278584762,28.08771744,0.518583695,10485778,2.25E-05
160,256,256,23092.70986,3.32138691,28.19721093,0.566194169,10485778,2.45E-05
160,256,256,23095.18235,3.363238799,28.20729918,0.511485915,10485778,2.21E-05
160,256,256,23138.60487,3.343401575,28.38506063,0.539046284,10485778,2.33E-05
160,256,256,23155.10296,3.388445177,28.45289318,0.562717274,10485778,2.43E-05
160,256,256,23204.32432,3.446975496,28.65623357,0.540398254,10485778,2.33E-05
192,224,224,23010.83429,3.268120594,27.86517347,0.567265057,9633810,2.47E-05
192,224,224,23055.07491,3.338591746,28.04409795,0.55729718,9633810,2.42E-05
192,224,224,23064.65936,3.271413472,28.08301198,0.546210186,9633810,2.37E-05
192,224,224,23086.99041,3.360279014,28.17388833,0.58027106,9633810,2.51E-05
192,224,224,23109.60103,3.377326791,28.26620202,0.587784496,9633810,2.54E-05
192,224,224,23115.71473,3.317236262,28.29121468,0.564860226,9633810,2.44E-05
192,224,224,23117.17707,3.323548751,28.29720076,0.582106425,9633810,2.52E-05
192,224,224,23132.53678,3.373299368,28.36015213,0.523631337,9633810,2.26E-05
192,224,224,23134.67659,3.342911239,28.3689332,0.568467552,9633810,2.46E-05
256,192,192,22996.55637,3.272565319,27.80767257,0.564462563,9437202,2.45E-05
256,192,192,23041.52921,3.300078795,27.98919275,0.582982113,9437202,2.53E-05
256,192,192,23106.84458,3.329655498,28.25493193,0.53194794,9437202,2.30E-05
256,192,192,23113.00135,3.306679215,28.28011082,0.550845146,9437202,2.38E-05
256,192,192,23148.82027,3.424606134,28.42704257,0.54295663,9437202,2.35E-05
256,192,192,23156.64324,3.334398332,28.45923439,0.555676322,9437202,2.40E-05
256,192,192,23162.5545,3.371339981,28.48358363,0.555431679,9437202,2.40E-05
256,192,192,23179.12268,3.362121281,28.55194115,0.584403707,9437202,2.52E-05
256,192,192,23228.17834,3.452380127,28.75529998,0.498362141,9437202,2.15E-05
128,256,256,22974.49984,3.320642515,27.71907838,0.614410086,8388626,2.67E-05
128,256,256,23015.46636,3.411518648,27.88385356,0.569594737,8388626,2.47E-05
128,256,256,23050.36775,3.340094097,28.02500607,0.611987812,8388626,2.66E-05
128,256,256,23075.87898,3.337341665,28.12863362,0.574615505,8388626,2.49E-05
128,256,256,23113.01652,3.361415429,28.28017288,0.573557473,8388626,2.48E-05
128,256,256,23119.52046,3.346758121,28.30679602,0.564483882,8388626,2.44E-05
128,256,256,23192.04794,3.394781521,28.60538249,0.524000337,8388626,2.26E-05
128,256,256,23230.86263,3.434443962,28.76646934,0.528952298,8388626,2.28E-05
128,256,256,23239.08496,3.45573026,28.80070953,0.501088339,8388626,2.16E-05
224,192,192,23051.7777,3.297918978,28.03072336,0.550370342,8257554,2.39E-05
224,192,192,23062.76478,3.31552063,28.07531548,0.571559035,8257554,2.48E-05
224,192,192,23080.23267,3.28479736,28.14635668,0.551009655,8257554,2.39E-05
224,192,192,23115.06672,3.336850279,28.28856246,0.543251476,8257554,2.35E-05
224,192,192,23119.63587,3.294084227,28.30726869,0.570349784,8257554,2.47E-05
224,192,192,23129.54529,3.408435167,28.34788061,0.546428897,8257554,2.36E-05
224,192,192,23154.73487,3.351429364,28.45137802,0.528365239,8257554,2.28E-05
224,192,192,23198.91514,3.439992827,28.6338166,0.486737526,8257554,2.10E-05
224,192,192,23249.72055,3.469311322,28.84505968,0.554626909,8257554,2.39E-05
160,224,224,22949.07223,3.355416392,27.61729379,0.542340465,8028178,2.36E-05
160,224,224,23037.8054,3.330189427,27.97411776,0.585697526,8028178,2.54E-05
160,224,224,23072.72791,3.287695439,28.11581312,0.566711141,8028178,2.46E-05
160,224,224,23111.34949,3.360422663,28.27335315,0.574132803,8028178,2.48E-05
160,224,224,23143.1766,3.348075495,28.40384129,0.579182399,8028178,2.50E-05
160,224,224,23162.89723,3.364922893,28.48499601,0.549771343,8028178,2.37E-05
160,224,224,23206.66828,3.406029169,28.66595293,0.538706994,8028178,2.32E-05
160,224,224,23207.64546,3.40036999,28.67000588,0.507472872,8028178,2.19E-05
160,224,224,23220.66543,3.405545565,28.72406177,0.556311827,8028178,2.40E-05
192,192,192,23031.36475,3.394260933,27.94806342,0.534664514,7077906,2.32E-05
192,192,192,23038.32913,3.359378934,27.97623747,0.572939184,7077906,2.49E-05
192,192,192,23086.3854,3.310409624,28.17142235,0.512783172,7077906,2.22E-05
192,192,192,23113.55912,3.370203457,28.28239301,0.564799403,7077906,2.44E-05
192,192,192,23113.7169,3.379528717,28.28303861,0.549102689,7077906,2.38E-05
192,192,192,23158.51162,3.357749114,28.46692824,0.542032205,7077906,2.34E-05
192,192,192,23169.16088,3.329504906,28.51082078,0.508154768,7077906,2.19E-05
192,192,192,23176.24769,3.380027458,28.54006768,0.535995501,7077906,2.31E-05
192,192,192,23217.36119,3.416177086,28.71033368,0.469474885,7077906,2.02E-05
256,160,160,22994.13724,3.340565318,27.7979419,0.55318745,6553618,2.41E-05
256,160,160,23078.90737,3.320927236,28.14096045,0.613637718,6553618,2.66E-05
256,160,160,23138.79115,3.306596502,28.38582563,0.597968083,6553618,2.58E-05
256,160,160,23155.36332,3.402454891,28.45396499,0.56723035,6553618,2.45E-05
256,160,160,23162.35483,3.360255013,28.48276083,0.573265054,6553618,2.47E-05
256,160,160,23171.12946,3.366788323,28.51894201,0.52672518,6553618,2.27E-05
256,160,160,23240.54022,3.435153888,28.80677389,0.514328661,6553618,2.21E-05
256,160,160,23249.01361,3.473586958,28.84210966,0.474241641,6553618,2.04E-05
256,160,160,23254.11083,3.471144406,28.86338698,0.52879399,6553618,2.27E-05
128,224,224,23009.33547,3.379877332,27.85913175,0.550321761,6422546,2.39E-05
128,224,224,23099.64263,3.298766945,28.22550705,0.60329845,6422546,2.61E-05
128,224,224,23151.59348,3.436718295,28.43845027,0.564910013,6422546,2.44E-05
128,224,224,23154.46124,3.33413345,28.4502517,0.575444954,6422546,2.49E-05
128,224,224,23161.8185,3.369110108,28.48055083,0.543851545,6422546,2.35E-05
128,224,224,23173.29752,3.379562643,28.52788884,0.540753975,6422546,2.33E-05
128,224,224,23187.75711,3.394021252,28.58763035,0.552271658,6422546,2.38E-05
128,224,224,23217.45513,3.429833568,28.71072387,0.552175161,6422546,2.38E-05
128,224,224,23235.46533,3.538842671,28.78563131,0.529874558,6422546,2.28E-05
96,256,256,23064.43718,3.293987929,28.08210932,0.593939436,6291474,2.58E-05
96,256,256,23068.09298,3.30945992,28.09696604,0.630936298,6291474,2.74E-05
96,256,256,23094.8578,3.344083182,28.20597472,0.58911978,6291474,2.55E-05
96,256,256,23107.98636,3.366080388,28.2595997,0.556394083,6291474,2.41E-05
96,256,256,23124.34544,3.376487609,28.32656274,0.57705917,6291474,2.50E-05
96,256,256,23127.78895,3.406530314,28.34067836,0.59192343,6291474,2.56E-05
96,256,256,23139.63555,3.339004514,28.38929359,0.569646607,6291474,2.46E-05
96,256,256,23204.09247,3.413004854,28.65527236,0.538883911,6291474,2.32E-05
96,256,256,23269.49796,3.469028145,28.92771269,0.508779392,6291474,2.19E-05
160,192,192,23041.01798,3.315987476,27.98712264,0.591610799,5898258,2.57E-05
160,192,192,23049.79197,3.296913649,28.02267167,0.577173984,5898258,2.50E-05
160,192,192,23052.24074,3.34324634,28.03260124,0.567220918,5898258,2.46E-05
160,192,192,23075.006,3.314688884,28.12508121,0.568260345,5898258,2.46E-05
160,192,192,23122.72682,3.434410575,28.31993011,0.558567688,5898258,2.42E-05
160,192,192,23157.69133,3.334625565,28.4635501,0.548884962,5898258,2.37E-05
160,192,192,23166.8764,3.372935562,28.50139924,0.586940451,5898258,2.53E-05
160,192,192,23187.4813,3.346335594,28.58648963,0.564889442,5898258,2.44E-05
160,192,192,23207.04104,3.450308882,28.66749894,0.47430276,5898258,2.04E-05
224,160,160,23012.87536,3.328431765,27.87340309,0.580865299,5734418,2.52E-05
224,160,160,23090.86242,3.305241759,28.18967539,0.60555282,5734418,2.62E-05
224,160,160,23116.77053,3.318213245,28.29553645,0.543837498,5734418,2.35E-05
224,160,160,23116.98449,3.332960307,28.29641236,0.537547561,5734418,2.33E-05
224,160,160,23168.33469,3.345606962,28.5074131,0.534406264,5734418,2.31E-05
224,160,160,23178.27887,3.385073378,28.54845575,0.574479773,5734418,2.48E-05
224,160,160,23195.99624,3.387485433,28.62172724,0.55714637,5734418,2.40E-05
224,160,160,23200.64402,3.388391566,28.6409796,0.534555195,5734418,2.30E-05
224,160,160,23221.59904,3.437200392,28.72794182,0.512058651,5734418,2.21E-05
192,160,160,23009.53006,3.291825021,27.85991607,0.576965546,4915218,2.51E-05
192,160,160,23055.82772,3.35031958,28.04715252,0.601508484,4915218,2.61E-05
192,160,160,23062.4207,3.300506002,28.07391792,0.607515676,4915218,2.63E-05
192,160,160,23082.14033,3.342951692,28.15412594,0.603254032,4915218,2.61E-05
192,160,160,23086.04705,3.316952814,28.17004338,0.532629684,4915218,2.31E-05
192,160,160,23098.36661,3.337971542,28.22029687,0.606211752,4915218,2.62E-05
192,160,160,23148.37869,3.361452714,28.42522655,0.525119151,4915218,2.27E-05
192,160,160,23179.48591,3.416263989,28.55344159,0.540166191,4915218,2.33E-05
192,160,160,23193.95362,3.412266117,28.61327026,0.54561049,4915218,2.35E-05
96,224,224,23009.07479,3.306732299,27.85808107,0.573071988,4816914,2.49E-05
96,224,224,23080.23575,3.353533316,28.14636924,0.588712906,4816914,2.55E-05
96,224,224,23098.01631,3.324196216,28.21886666,0.589328065,4816914,2.55E-05
96,224,224,23105.32809,3.340349729,28.24873348,0.589841592,4816914,2.55E-05
96,224,224,23120.77628,3.348115763,28.31193947,0.526501614,4816914,2.28E-05
96,224,224,23162.30584,3.407481928,28.48255896,0.51657412,4816914,2.23E-05
96,224,224,23176.57934,3.423218252,28.54143712,0.576133446,4816914,2.49E-05
96,224,224,23209.90889,3.45804981,28.67939579,0.494186166,4816914,2.13E-05
96,224,224,23236.43456,3.426795696,28.78966806,0.534183871,4816914,2.30E-05
128,192,192,23056.79229,3.347697767,28.05106679,0.593131748,4718610,2.57E-05
128,192,192,23088.33077,3.325664796,28.17935227,0.534562611,4718610,2.32E-05
128,192,192,23099.39414,3.308957862,28.22449236,0.594501931,4718610,2.57E-05
128,192,192,23114.49144,3.345526484,28.28620812,0.571734306,4718610,2.47E-05
128,192,192,23142.40304,3.412928839,28.40066265,0.550240016,4718610,2.38E-05
128,192,192,23160.5701,3.431487692,28.47540731,0.570232361,4718610,2.46E-05
128,192,192,23170.47164,3.367504494,28.51622798,0.519142704,4718610,2.24E-05
128,192,192,23171.49511,3.45256841,28.5204507,0.559390671,4718610,2.41E-05
128,192,192,23181.20054,3.393917177,28.56052562,0.53977427,4718610,2.33E-05
256,128,128,22970.72131,3.277069424,27.70392954,0.607596314,4194322,2.65E-05
256,128,128,23060.37708,3.335669334,28.06561875,0.596455947,4194322,2.59E-05
64,256,256,23069.73306,3.31421398,28.10363368,0.589148167,4194322,2.55E-05
256,128,128,23070.68536,3.262224327,28.10750593,0.561285235,4194322,2.43E-05
64,256,256,23079.16864,3.33622897,28.14202417,0.577788896,4194322,2.50E-05
256,128,128,23082.37404,3.292318639,28.15507792,0.552516704,4194322,2.39E-05
256,128,128,23132.15159,3.346179718,28.35857176,0.591016238,4194322,2.55E-05
64,256,256,23132.62314,3.390091719,28.36050651,0.57498364,4194322,2.49E-05
64,256,256,23137.66317,3.392957154,28.38119367,0.571981435,4194322,2.47E-05
256,128,128,23148.95172,3.372797776,28.42758318,0.582145151,4194322,2.51E-05
64,256,256,23149.0752,3.385889884,28.42809104,0.556712446,4194322,2.40E-05
256,128,128,23157.26515,3.371212357,28.46179513,0.540302818,4194322,2.33E-05
64,256,256,23181.40084,3.486676542,28.56135328,0.543638875,4194322,2.35E-05
64,256,256,23188.28641,3.415196028,28.58981957,0.549932592,4194322,2.37E-05
256,128,128,23193.8819,3.45076464,28.61297335,0.510066741,4194322,2.20E-05
64,256,256,23205.54616,3.399894754,28.66129958,0.564278163,4194322,2.43E-05
256,128,128,23214.5135,3.459234964,28.6985077,0.538451459,4194322,2.32E-05
64,256,256,23241.21467,3.461642887,28.8095849,0.54788048,4194322,2.36E-05
160,160,160,23023.82042,3.271393476,27.9175752,0.624072088,4096018,2.71E-05
160,160,160,23040.29993,3.305030676,27.98421537,0.596108278,4096018,2.59E-05
160,160,160,23046.45597,3.285017938,28.00915009,0.553760134,4096018,2.40E-05
160,160,160,23080.8484,3.323774234,28.14886412,0.587901357,4096018,2.55E-05
160,160,160,23086.86241,3.327347409,28.17336659,0.573041067,4096018,2.48E-05
160,160,160,23178.32764,3.362213115,28.5486572,0.543761428,4096018,2.35E-05
160,160,160,23196.28273,3.45099904,28.62291357,0.522106164,4096018,2.25E-05
160,160,160,23197.71253,3.443909608,28.62883504,0.545465232,4096018,2.35E-05
160,160,160,23207.41199,3.436231582,28.66903747,0.52367352,4096018,2.26E-05
224,128,128,23076.81623,3.295521801,28.13244805,0.570242664,3670034,2.47E-05
224,128,128,23132.71669,3.39507193,28.36089032,0.579195929,3670034,2.50E-05
224,128,128,23133.19573,3.390974952,28.36285595,0.575326511,3670034,2.49E-05
224,128,128,23134.83677,3.36537788,28.36959066,0.55206778,3670034,2.39E-05
224,128,128,23170.5966,3.358744265,28.51674349,0.530924858,3670034,2.29E-05
224,128,128,23172.4551,3.373329591,28.52441211,0.568538762,3670034,2.45E-05
224,128,128,23183.11627,3.3353692,28.56844255,0.569698017,3670034,2.46E-05
224,128,128,23208.6432,3.446114559,28.67414465,0.502307405,3670034,2.16E-05
224,128,128,23215.99396,3.404400869,28.70465518,0.536764062,3670034,2.31E-05
96,192,192,23047.97389,3.301899276,28.01530175,0.562319412,3538962,2.44E-05
96,192,192,23056.5455,3.34576435,28.05006523,0.595454128,3538962,2.58E-05
96,192,192,23104.49147,3.366437719,28.24531448,0.570571643,3538962,2.47E-05
96,192,192,23158.26364,3.423675514,28.46590695,0.56713249,3538962,2.45E-05
96,192,192,23163.07937,3.325904078,28.48574661,0.538387684,3538962,2.32E-05
96,192,192,23183.88576,3.415236196,28.57162317,0.540165273,3538962,2.33E-05
96,192,192,23220.30203,3.436708612,28.72255164,0.535119615,3538962,2.30E-05
96,192,192,23245.26731,3.494666664,28.82648147,0.521907168,3538962,2.25E-05
96,192,192,23258.52253,3.483264038,28.88181539,0.487987545,3538962,2.10E-05
128,160,160,23022.74745,3.320122512,27.91324181,0.588744496,3276818,2.56E-05
128,160,160,23065.94849,3.319284189,28.08825012,0.566539016,3276818,2.46E-05
128,160,160,23116.5244,3.356602009,28.29452891,0.58164122,3276818,2.52E-05
128,160,160,23122.03717,3.373982925,28.31710464,0.572133838,3276818,2.47E-05
128,160,160,23122.90351,3.333715259,28.32065405,0.577305139,3276818,2.50E-05
128,160,160,23136.1184,3.337558209,28.37485144,0.537191631,3276818,2.32E-05
128,160,160,23158.56808,3.359945354,28.46716077,0.531088381,3276818,2.29E-05
128,160,160,23162.46549,3.468512176,28.4832168,0.565857632,3276818,2.44E-05
128,160,160,23247.03477,3.450598447,28.83385361,0.560482583,3276818,2.41E-05
64,224,224,23054.58128,3.357835625,28.04209524,0.592406945,3211282,2.57E-05
64,224,224,23097.57667,3.330963068,28.21707187,0.534788943,3211282,2.32E-05
64,224,224,23136.19706,3.394853841,28.37517435,0.571707142,3211282,2.47E-05
64,224,224,23152.59205,3.412595716,28.44255905,0.56104457,3211282,2.42E-05
64,224,224,23174.00548,3.405173785,28.53081094,0.547526242,3211282,2.36E-05
64,224,224,23183.90718,3.454179901,28.57171171,0.525531228,3211282,2.27E-05
64,224,224,23196.12719,3.40378249,28.62226947,0.542208624,3211282,2.34E-05
64,224,224,23228.24943,3.409506717,28.75559576,0.532404985,3211282,2.29E-05
64,224,224,23232.94633,3.474355253,28.77514263,0.499479156,3211282,2.15E-05
192,128,128,22993.39162,3.34424813,27.79494341,0.596247914,3145746,2.59E-05
192,128,128,23041.38649,3.33889815,27.9886148,0.590196797,3145746,2.56E-05
192,128,128,23060.31826,3.348635063,28.06537994,0.545722946,3145746,2.37E-05
192,128,128,23073.75072,3.316123241,28.1199739,0.557502005,3145746,2.42E-05
192,128,128,23097.04647,3.306278855,28.21490749,0.569702532,3145746,2.47E-05
192,128,128,23120.72557,3.331292301,28.31173178,0.536564532,3145746,2.32E-05
192,128,128,23168.8508,3.385013655,28.50954181,0.551286938,3145746,2.38E-05
192,128,128,23214.81996,3.465417295,28.69978012,0.577622222,3145746,2.49E-05
192,128,128,23223.955,3.464043726,28.73773542,0.502568276,3145746,2.16E-05
160,128,128,22989.75365,3.283612731,27.780318,0.614522467,2621458,2.67E-05
160,128,128,23061.69055,3.297413193,28.07095248,0.544968771,2621458,2.36E-05
160,128,128,23064.63098,3.346617354,28.08289667,0.575250673,2621458,2.49E-05
160,128,128,23065.54009,3.32429983,28.08659055,0.576841489,2621458,2.50E-05
160,128,128,23114.70425,3.360602839,28.28707901,0.549216068,2621458,2.38E-05
160,128,128,23152.89102,3.354527988,28.44378932,0.564286239,2621458,2.44E-05
160,128,128,23161.6087,3.428296968,28.47968636,0.566498741,2621458,2.45E-05
160,128,128,23174.03902,3.372573042,28.53094938,0.525726637,2621458,2.27E-05
160,128,128,23219.94374,3.455307979,28.7210628,0.548546351,2621458,2.36E-05
96,160,160,23103.5881,3.338802757,28.2416232,0.565050739,2457618,2.45E-05
96,160,160,23131.84929,3.334824442,28.35733148,0.520887983,2457618,2.25E-05
96,160,160,23132.47931,3.42208166,28.35991637,0.531952127,2457618,2.30E-05
96,160,160,23133.46894,3.393614578,28.36397707,0.563566137,2457618,2.44E-05
96,160,160,23153.4183,3.354268288,28.44595923,0.53720525,2457618,2.32E-05
96,160,160,23174.52174,3.434208155,28.532942,0.583280345,2457618,2.52E-05
96,160,160,23177.55889,3.411657493,28.5454822,0.521956856,2457618,2.25E-05
96,160,160,23221.22043,3.492742893,28.72636828,0.523893101,2457618,2.26E-05
96,160,160,23291.78888,3.502806864,29.02115397,0.462834257,2457618,1.99E-05
256,96,96,23087.29637,3.35052329,28.17513549,0.525308346,2359314,2.28E-05
256,96,96,23087.81978,3.297118106,28.17726912,0.577854332,2359314,2.50E-05
256,96,96,23104.18153,3.32807092,28.24404797,0.599796389,2359314,2.60E-05
64,192,192,23123.85267,3.383275971,28.32454334,0.585990633,2359314,2.53E-05
64,192,192,23125.63644,3.375001748,28.33185396,0.567945113,2359314,2.46E-05
64,192,192,23133.79353,3.340873734,28.36530911,0.560144335,2359314,2.42E-05
256,96,96,23139.47537,3.408638367,28.38863568,0.563783638,2359314,2.44E-05
256,96,96,23140.93223,3.343688588,28.39461986,0.579584794,2359314,2.50E-05
64,192,192,23173.01596,3.425838564,28.52672678,0.534237874,2359314,2.31E-05
64,192,192,23178.11303,3.440891747,28.54777083,0.565658632,2359314,2.44E-05
256,96,96,23182.50577,3.407441424,28.56591938,0.594995355,2359314,2.57E-05
64,192,192,23186.78362,3.413649473,28.58360434,0.556528448,2359314,2.40E-05
256,96,96,23189.91238,3.433223727,28.59654581,0.548245057,2359314,2.36E-05
64,192,192,23193.98424,3.436081701,28.613397,0.529778679,2359314,2.28E-05
64,192,192,23200.85073,3.492100189,28.64183611,0.534163892,2359314,2.30E-05
256,96,96,23209.49788,3.413601391,28.67769049,0.531000414,2359314,2.29E-05
256,96,96,23215.08994,3.489005379,28.70090113,0.50445294,2359314,2.17E-05
64,192,192,23229.12762,3.481743799,28.75924945,0.497041279,2359314,2.14E-05
128,128,128,23034.48168,3.329341309,27.96066928,0.582706542,2097170,2.53E-05
128,128,128,23064.43384,3.297056836,28.08209574,0.586504706,2097170,2.54E-05
128,128,128,23075.81051,3.330799037,28.12835495,0.560260568,2097170,2.43E-05
128,128,128,23090.58618,3.329040104,28.18854881,0.566738104,2097170,2.45E-05
32,256,256,23102.6145,3.371110886,28.23764547,0.554691251,2097170,2.40E-05
128,128,128,23141.10556,3.388197419,28.39533192,0.577509853,2097170,2.50E-05
128,128,128,23142.74074,3.423380409,28.40205023,0.57348136,2097170,2.48E-05
128,128,128,23157.06653,3.38926514,28.46097729,0.541861944,2097170,2.34E-05
128,128,128,23178.4536,3.403875047,28.54917746,0.56890532,2097170,2.45E-05
32,256,256,23186.05923,3.408411929,28.58060886,0.56147786,2097170,2.42E-05
32,256,256,23188.85699,3.421859871,28.59217973,0.515474656,2097170,2.22E-05
32,256,256,23221.88707,3.47159896,28.72913897,0.508219711,2097170,2.19E-05
32,256,256,23237.96859,3.514929368,28.79605826,0.535270678,2097170,2.30E-05
32,256,256,23244.18149,3.482757688,28.82195342,0.53155345,2097170,2.29E-05
32,256,256,23251.14298,3.522017883,28.85099638,0.501110307,2097170,2.16E-05
32,256,256,23263.10117,3.493260304,28.90095359,0.529786415,2097170,2.28E-05
32,256,256,23272.26646,3.471253434,28.93930159,0.527064518,2097170,2.26E-05
128,128,128,23279.19689,3.483495728,28.96833258,0.471901993,2097170,2.03E-05
224,96,96,23034.00048,3.361079821,27.9587228,0.583621488,2064402,2.53E-05
224,96,96,23077.24182,3.294526501,28.13418028,0.533947489,2064402,2.31E-05
224,96,96,23111.84178,3.350163726,28.27536689,0.563279738,2064402,2.44E-05
224,96,96,23127.47303,3.353934728,28.33938305,0.524052885,2064402,2.27E-05
224,96,96,23147.41356,3.397583845,28.42125777,0.549174992,2064402,2.37E-05
224,96,96,23157.11786,3.363138016,28.46118866,0.546073238,2064402,2.36E-05
224,96,96,23165.94302,3.412793104,28.49755078,0.525259944,2064402,2.27E-05
224,96,96,23185.05968,3.450910057,28.57647609,0.55734989,2064402,2.40E-05
224,96,96,23211.04062,3.462163841,28.68409196,0.51794319,2064402,2.23E-05
192,96,96,23001.46742,3.344557762,27.82743725,0.559330913,1769490,2.43E-05
192,96,96,23062.60293,3.312585276,28.0746581,0.580917298,1769490,2.52E-05
192,96,96,23104.87288,3.344369411,28.24687315,0.553374316,1769490,2.40E-05
192,96,96,23136.31427,3.334697301,28.37565555,0.569115077,1769490,2.46E-05
192,96,96,23140.65722,3.368614279,28.39349015,0.603148571,1769490,2.61E-05
192,96,96,23175.91134,3.399908297,28.53867887,0.552884559,1769490,2.39E-05
192,96,96,23181.75498,3.437668999,28.56281667,0.53006659,1769490,2.29E-05
192,96,96,23191.71315,3.466593888,28.60399699,0.544217456,1769490,2.35E-05
192,96,96,23261.74092,3.512946856,28.89526658,0.511186279,1769490,2.20E-05
64,160,160,23079.64254,3.32562913,28.14395372,0.558174579,1638418,2.42E-05
64,160,160,23107.6705,3.363189331,28.25830834,0.542553895,1638418,2.35E-05
64,160,160,23146.7047,3.451264583,28.41834319,0.548052601,1638418,2.37E-05
64,160,160,23147.00922,3.356606412,28.41959525,0.577166251,1638418,2.49E-05
64,160,160,23151.41738,3.415735924,28.43772574,0.543144722,1638418,2.35E-05
64,160,160,23174.02777,3.43552217,28.53090293,0.51922914,1638418,2.24E-05
64,160,160,23206.21529,3.441267353,28.66407435,0.519485644,1638418,2.24E-05
64,160,160,23245.67941,3.468807864,28.8282002,0.527995866,1638418,2.27E-05
64,160,160,23301.45425,3.520674327,29.06176397,0.469570097,1638418,2.02E-05
32,224,224,23117.20869,3.428089966,28.29733021,0.555368963,1605650,2.40E-05
32,224,224,23128.93154,3.363423175,28.34536361,0.571256033,1605650,2.47E-05
32,224,224,23216.18107,3.46175148,28.70543225,0.535977762,1605650,2.31E-05
32,224,224,23221.25598,3.470795658,28.72651602,0.5506107,1605650,2.37E-05
32,224,224,23226.08444,3.431539448,28.74659028,0.555826644,1605650,2.39E-05
32,224,224,23233.67237,3.449132157,28.77816536,0.535272366,1605650,2.30E-05
32,224,224,23267.56847,3.475795665,28.9196386,0.512959603,1605650,2.20E-05
32,224,224,23268.49029,3.51164502,28.92349575,0.495474898,1605650,2.13E-05
32,224,224,23275.8057,3.51682488,28.95412355,0.506930777,1605650,2.18E-05
96,128,128,23092.8366,3.341442497,28.19772797,0.584107845,1572882,2.53E-05
96,128,128,23102.00233,3.374957192,28.23514465,0.575721169,1572882,2.49E-05
96,128,128,23115.9537,3.372999957,28.29219281,0.565598754,1572882,2.45E-05
96,128,128,23154.74605,3.403482749,28.45142402,0.606254033,1572882,2.62E-05
96,128,128,23154.81384,3.37255398,28.45170309,0.574316736,1572882,2.48E-05
96,128,128,23156.48875,3.349687428,28.4585983,0.552378164,1572882,2.39E-05
96,128,128,23225.65839,3.463594905,28.74481843,0.53825039,1572882,2.32E-05
96,128,128,23236.00135,3.466637384,28.78786371,0.545904678,1572882,2.35E-05
96,128,128,23270.45354,3.480364068,28.9317122,0.483842393,1572882,2.08E-05
160,96,96,23054.66519,3.371127491,28.04243566,0.553932715,1474578,2.40E-05
160,96,96,23061.33652,3.333874679,28.06951474,0.544453351,1474578,2.36E-05
160,96,96,23080.97426,3.360960247,28.14937669,0.580803919,1474578,2.52E-05
160,96,96,23086.12047,3.344761971,28.1703426,0.588084221,1474578,2.55E-05
160,96,96,23157.13579,3.381303844,28.46126246,0.53893734,1474578,2.33E-05
160,96,96,23158.52949,3.385829249,28.46700182,0.53513041,1474578,2.31E-05
160,96,96,23161.6123,3.380057811,28.47970117,0.590994361,1474578,2.55E-05
160,96,96,23205.1086,3.468294837,28.65948527,0.550538362,1474578,2.37E-05
160,96,96,23252.10345,3.47652131,28.85500569,0.463787028,1474578,1.99E-05
128,96,96,23106.32515,3.356356968,28.25280866,0.568801899,1179666,2.46E-05
128,96,96,23107.88097,3.341623325,28.25916879,0.573126016,1179666,2.48E-05
128,96,96,23109.99383,3.319744842,28.26780841,0.570537152,1179666,2.47E-05
32,192,192,23137.3416,3.388959917,28.37987334,0.540222556,1179666,2.33E-05
32,192,192,23140.81774,3.365550908,28.39414956,0.568060418,1179666,2.45E-05
128,96,96,23151.3865,3.3907759,28.43759871,0.562461802,1179666,2.43E-05
32,192,192,23154.9048,3.390084924,28.45207749,0.55099619,1179666,2.38E-05
128,96,96,23160.56317,3.471762529,28.47537875,0.5140236,1179666,2.22E-05
128,96,96,23173.32929,3.430878925,28.52801995,0.54231958,1179666,2.34E-05
128,96,96,23181.36216,3.435412012,28.56119342,0.535531168,1179666,2.31E-05
128,96,96,23185.91306,3.402410293,28.58000449,0.520508237,1179666,2.24E-05
32,192,192,23191.77436,3.441958941,28.60425029,0.520844857,1179666,2.25E-05
32,192,192,23206.25797,3.43320472,28.66425134,0.542047067,1179666,2.34E-05
32,192,192,23210.3486,3.464283158,28.68122032,0.56448574,1179666,2.43E-05
32,192,192,23212.43547,3.489413811,28.68988103,0.529153744,1179666,2.28E-05
32,192,192,23282.80372,3.560018402,28.98345283,0.475818805,1179666,2.04E-05
32,192,192,23297.9336,3.513879977,29.04696506,0.512039512,1179666,2.20E-05
128,96,96,23305.28368,3.520060672,29.07786942,0.455246494,1179666,1.95E-05
256,64,64,23052.8119,3.360821145,28.03491777,0.602827077,1048594,2.61E-05
256,64,64,23067.89797,3.336097687,28.09617334,0.611855491,1048594,2.65E-05
256,64,64,23123.87557,3.37519363,28.32463719,0.584402043,1048594,2.53E-05
256,64,64,23129.98364,3.341030172,28.34967847,0.56443491,1048594,2.44E-05
256,64,64,23141.28942,3.383224498,28.39608726,0.560015744,1048594,2.42E-05
64,128,128,23152.80499,3.409737471,28.44343531,0.546763534,1048594,2.36E-05
64,128,128,23154.13531,3.490612021,28.44891018,0.564091122,1048594,2.44E-05
64,128,128,23156.83515,3.381981175,28.46002457,0.571530016,1048594,2.47E-05
256,64,64,23180.69398,3.429866613,28.55843258,0.569560444,1048594,2.46E-05
64,128,128,23182.85687,3.425477874,28.56737042,0.565397778,1048594,2.44E-05
64,128,128,23183.51456,3.425309343,28.57008879,0.525158282,1048594,2.27E-05
64,128,128,23188.32604,3.434205428,28.58998351,0.548660431,1048594,2.37E-05
256,64,64,23198.10552,3.459088804,28.63046282,0.518713761,1048594,2.24E-05
64,128,128,23200.28936,3.424529683,28.63951004,0.539060036,1048594,2.32E-05
256,64,64,23224.67166,3.432882032,28.74071518,0.528049436,1048594,2.27E-05
256,64,64,23236.44311,3.473813124,28.78970364,0.552957996,1048594,2.38E-05
64,128,128,23241.89776,3.494408696,28.81243218,0.497551945,1048594,2.14E-05
64,128,128,23266.46113,3.478398601,28.91500591,0.507860751,1048594,2.18E-05
224,64,64,23052.54415,3.344963817,28.03383179,0.558972009,917522,2.42E-05
224,64,64,23063.0881,3.310811587,28.07662878,0.558473067,917522,2.42E-05
224,64,64,23088.41266,3.350341126,28.17968614,0.58725935,917522,2.54E-05
224,64,64,23109.82188,3.332468396,28.26710519,0.565238237,917522,2.45E-05
224,64,64,23163.5011,3.38216568,28.48748473,0.543372108,917522,2.35E-05
224,64,64,23171.66255,3.360560698,28.52114162,0.519713459,917522,2.24E-05
224,64,64,23205.6097,3.451824717,28.66156307,0.581970973,917522,2.51E-05
224,64,64,23209.10443,3.434281932,28.67605812,0.535320544,917522,2.31E-05
224,64,64,23271.88419,3.482012738,28.93770113,0.487482115,917522,2.09E-05
96,96,96,23120.79058,3.414832948,28.31199805,0.591379432,884754,2.56E-05
96,96,96,23123.70911,3.412789977,28.32395506,0.504665713,884754,2.18E-05
96,96,96,23133.72541,3.36387325,28.36502957,0.566366667,884754,2.45E-05
96,96,96,23177.72399,3.408124661,28.54616406,0.523693323,884754,2.26E-05
96,96,96,23190.16283,3.431790859,28.597582,0.534432908,884754,2.30E-05
96,96,96,23203.8519,3.418632996,28.65427504,0.565053401,884754,2.44E-05
96,96,96,23209.67012,3.434890703,28.67840511,0.550378349,884754,2.37E-05
96,96,96,23248.85615,3.462774004,28.84145262,0.512861151,884754,2.21E-05
96,96,96,23253.65923,3.487090799,28.86150124,0.464055535,884754,2.00E-05
32,160,160,23135.13867,3.395897134,28.37082979,0.544420924,819218,2.35E-05
32,160,160,23176.07341,3.43008857,28.53934806,0.582056501,819218,2.51E-05
32,160,160,23200.74442,3.462115423,28.6413956,0.543917052,819218,2.34E-05
32,160,160,23208.88963,3.456009615,28.67516695,0.554845216,819218,2.39E-05
32,160,160,23208.89944,3.474306046,28.67520768,0.54141745,819218,2.33E-05
32,160,160,23231.65763,3.529936838,28.76977818,0.509010013,819218,2.19E-05
32,160,160,23258.08072,3.46387434,28.87996932,0.567653147,819218,2.44E-05
32,160,160,23268.69858,3.499096773,28.92436736,0.51603629,819218,2.22E-05
32,160,160,23313.7771,3.557329783,29.11362208,0.467284604,819218,2.00E-05
192,64,64,23066.98415,3.312120513,28.09245906,0.578531433,786450,2.51E-05
192,64,64,23092.53064,3.388774153,28.19647984,0.573841973,786450,2.48E-05
192,64,64,23133.99177,3.355700226,28.36612263,0.504880732,786450,2.18E-05
192,64,64,23172.12453,3.381335869,28.52304795,0.560129777,786450,2.42E-05
192,64,64,23177.0467,3.402274162,28.54336702,0.526201191,786450,2.27E-05
192,64,64,23197.37408,3.445254657,28.62743327,0.566360848,786450,2.44E-05
192,64,64,23199.2599,3.444936177,28.63524484,0.532668118,786450,2.30E-05
192,64,64,23269.6027,3.464886348,28.92815104,0.54357685,786450,2.34E-05
192,64,64,23290.78911,3.52234987,29.0169566,0.480901687,786450,2.06E-05
160,64,64,23100.29607,3.379655335,28.22817555,0.577114189,655378,2.50E-05
160,64,64,23113.83656,3.334050061,28.28352826,0.608500732,655378,2.63E-05
160,64,64,23117.9943,3.358719659,28.30054664,0.616909207,655378,2.67E-05
160,64,64,23124.06545,3.33748175,28.3254153,0.598232049,655378,2.59E-05
160,64,64,23136.83561,3.393039136,28.37779586,0.582286395,655378,2.52E-05
160,64,64,23154.47983,3.418549424,28.45032825,0.567432204,655378,2.45E-05
160,64,64,23191.74927,3.411209541,28.60414647,0.550505684,655378,2.37E-05
160,64,64,23225.76679,3.478267258,28.74526919,0.515525161,655378,2.22E-05
160,64,64,23263.82138,3.50397761,28.90396514,0.50488002,655378,2.17E-05
64,96,96,23061.08247,3.351738492,28.06848308,0.591405222,589842,2.56E-05
64,96,96,23138.23586,3.410711468,28.3835453,0.588383228,589842,2.54E-05
64,96,96,23170.06381,3.405794327,28.51454549,0.547068458,589842,2.36E-05
64,96,96,23178.07295,3.437763484,28.54760528,0.597672227,589842,2.58E-05
64,96,96,23216.06266,3.455721707,28.7049405,0.560301925,589842,2.41E-05
64,96,96,23218.6931,3.462902662,28.71586657,0.58015353,589842,2.50E-05
64,96,96,23234.7446,3.475895254,28.78262993,0.549221595,589842,2.36E-05
64,96,96,23252.41209,3.50519324,28.85629419,0.510696314,589842,2.20E-05
64,96,96,23303.39853,3.539400499,29.06993994,0.466137954,589842,2.00E-05
128,64,64,23088.26141,3.401171206,28.17906951,0.590913845,524306,2.56E-05
128,64,64,23096.04964,3.388146723,28.21083872,0.578220092,524306,2.50E-05
128,64,64,23102.81529,3.383898597,28.23846578,0.56685901,524306,2.45E-05
128,64,64,23143.06487,3.380676097,28.40338215,0.604243618,524306,2.61E-05
128,64,64,23162.29139,3.413109719,28.48249938,0.577773816,524306,2.49E-05
128,64,64,23173.08796,3.406538899,28.52702394,0.554289802,524306,2.39E-05
128,64,64,23174.34391,3.43376919,28.53220793,0.571788045,524306,2.47E-05
32,128,128,23177.609,3.42968002,28.54568915,0.520148826,524306,2.24E-05
32,128,128,23202.45629,3.442635935,28.64849,0.526266551,524306,2.27E-05
32,128,128,23213.1859,3.44914058,28.69299604,0.532888316,524306,2.30E-05
32,128,128,23216.23208,3.47060183,28.70564407,0.518105551,524306,2.23E-05
32,128,128,23230.29348,3.444046638,28.76410074,0.575020989,524306,2.48E-05
32,128,128,23254.06961,3.505078904,28.86321482,0.520712698,524306,2.24E-05
128,64,64,23265.84269,3.469318859,28.91241892,0.526745145,524306,2.26E-05
32,128,128,23281.6964,3.534884117,28.97880998,0.518106316,524306,2.23E-05
32,128,128,23302.07165,3.553275531,29.06436,0.477307035,524306,2.05E-05
32,128,128,23308.64068,3.529630046,29.09199532,0.521036064,524306,2.24E-05
128,64,64,23313.58155,3.5337629,29.11279844,0.452683055,524306,1.94E-05
96,64,64,23136.2166,3.411296275,28.37525457,0.557290245,393234,2.41E-05
96,64,64,23160.39752,3.396482683,28.47469633,0.58736154,393234,2.54E-05
96,64,64,23180.96138,3.412769987,28.5595374,0.518751943,393234,2.24E-05
96,64,64,23197.2097,3.439420849,28.62675246,0.514644037,393234,2.22E-05
96,64,64,23199.67179,3.411478386,28.63695129,0.556167522,393234,2.40E-05
96,64,64,23202.79697,3.410371917,28.64990207,0.569357498,393234,2.45E-05
96,64,64,23240.77935,3.45340761,28.80777051,0.512642548,393234,2.21E-05
96,64,64,23269.87892,3.503120288,28.92930711,0.503058945,393234,2.16E-05
96,64,64,23322.91481,3.557552341,29.15213594,0.45138944,393234,1.94E-05
32,96,96,23159.72398,3.4200309,28.47192173,0.612959629,294930,2.65E-05
32,96,96,23170.22987,3.454057461,28.51523053,0.582709153,294930,2.51E-05
32,96,96,23175.73687,3.44696862,28.53795853,0.576110972,294930,2.49E-05
32,96,96,23192.07962,3.484620347,28.60551357,0.51985472,294930,2.24E-05
32,96,96,23245.97067,3.523567359,28.82941499,0.560032032,294930,2.41E-05
32,96,96,23254.07715,3.504795233,28.86324633,0.55302899,294930,2.38E-05
32,96,96,23260.36864,3.485025152,28.8895304,0.52501511,294930,2.26E-05
32,96,96,23268.98233,3.514136783,28.92555479,0.527409897,294930,2.27E-05
32,96,96,23298.67437,3.560374112,29.05007825,0.437501629,294930,1.88E-05
256,32,32,23105.8809,3.408444304,28.25099286,0.584053746,262162,2.53E-05
64,64,64,23128.7184,3.389526898,28.34448955,0.578464633,262162,2.50E-05
64,64,64,23137.46078,3.424473002,28.38036267,0.54808658,262162,2.37E-05
256,32,32,23141.64344,3.439087512,28.3975417,0.55997337,262162,2.42E-05
256,32,32,23171.51903,3.39654655,28.52054941,0.586148007,262162,2.53E-05
256,32,32,23173.98527,3.45105428,28.53072751,0.543126285,262162,2.34E-05
64,64,64,23189.29782,3.442603424,28.59400336,0.600621982,262162,2.59E-05
256,32,32,23189.30329,3.430076515,28.59402596,0.525569058,262162,2.27E-05
64,64,64,23190.34295,3.475922992,28.59832724,0.564739068,262162,2.44E-05
64,64,64,23217.39143,3.468904962,28.7104593,0.56516646,262162,2.43E-05
256,32,32,23237.63384,3.486604377,28.79466369,0.545339716,262162,2.35E-05
64,64,64,23238.6549,3.511464772,28.79891762,0.494768772,262162,2.13E-05
256,32,32,23243.79001,3.505218446,28.82032105,0.507408605,262162,2.18E-05
64,64,64,23254.63561,3.465186106,28.86557844,0.551203546,262162,2.37E-05
64,64,64,23261.1934,3.466102526,28.89297778,0.553043094,262162,2.38E-05
256,32,32,23278.5188,3.537654587,28.96549085,0.556790072,262162,2.39E-05
256,32,32,23284.53594,3.521020031,28.99071729,0.45954227,262162,1.97E-05
64,64,64,23328.64583,3.576704674,29.17631717,0.404484326,262162,1.73E-05
224,32,32,23125.8207,3.356219695,28.33260925,0.583168294,229394,2.52E-05
224,32,32,23150.40309,3.384896108,28.43355299,0.606582597,229394,2.62E-05
224,32,32,23154.6152,3.423928343,28.45088541,0.581193841,229394,2.51E-05
224,32,32,23180.56989,3.447665921,28.55791986,0.558001389,229394,2.41E-05
224,32,32,23194.21513,3.414365967,28.61435283,0.571475231,229394,2.46E-05
224,32,32,23208.91353,3.46218001,28.6752661,0.539877005,229394,2.33E-05
224,32,32,23244.72181,3.461780704,28.82420656,0.565939891,229394,2.43E-05
224,32,32,23246.28778,3.459633918,28.83073766,0.517821086,229394,2.23E-05
224,32,32,23270.38267,3.529618775,28.93141556,0.514659795,229394,2.21E-05
192,32,32,23147.22219,3.396442498,28.4204709,0.56754429,196626,2.45E-05
192,32,32,23149.10906,3.382495535,28.42823029,0.555124806,196626,2.40E-05
192,32,32,23172.3129,3.409764361,28.52382531,0.545361626,196626,2.35E-05
192,32,32,23173.20429,3.455958338,28.52750404,0.542964197,196626,2.34E-05
192,32,32,23190.66725,3.435042997,28.59966903,0.578428675,196626,2.49E-05
192,32,32,23190.88156,3.403760469,28.60055581,0.545582419,196626,2.35E-05
192,32,32,23200.98265,3.411340029,28.6423828,0.555008555,196626,2.39E-05
192,32,32,23237.33683,3.476111623,28.79342641,0.578338377,196626,2.49E-05
192,32,32,23310.88753,3.531066515,29.10145363,0.441601329,196626,1.89E-05
160,32,32,23171.82646,3.418650026,28.52181796,0.52378122,163858,2.26E-05
160,32,32,23173.55685,3.423766449,28.52895918,0.506008551,163858,2.18E-05
160,32,32,23175.60497,3.413479751,28.53741394,0.608336074,163858,2.62E-05
160,32,32,23177.66718,3.39045013,28.54592944,0.591059575,163858,2.55E-05
160,32,32,23188.89106,3.4257885,28.59232067,0.554592709,163858,2.39E-05
160,32,32,23191.81788,3.399460667,28.60443039,0.578213005,163858,2.49E-05
160,32,32,23240.8375,3.500467299,28.80801289,0.506310658,163858,2.18E-05
160,32,32,23251.75079,3.483509977,28.85353351,0.515139401,163858,2.22E-05
160,32,32,23324.17667,3.563773394,29.15745845,0.433510424,163858,1.86E-05
128,32,32,23150.66509,3.392804016,28.43463078,0.566044285,131090,2.45E-05
128,32,32,23163.96735,3.420089841,28.48940641,0.586079883,131090,2.53E-05
32,64,64,23169.64362,3.47052055,28.51281209,0.577674843,131090,2.49E-05
128,32,32,23178.38547,3.453231768,28.54889607,0.548789568,131090,2.37E-05
32,64,64,23187.86318,3.466739588,28.58806904,0.571516615,131090,2.46E-05
32,64,64,23199.07461,3.482696832,28.63447722,0.547469683,131090,2.36E-05
128,32,32,23202.35603,3.434579884,28.64807445,0.528017964,131090,2.28E-05
128,32,32,23202.83427,3.479495498,28.65005668,0.553200276,131090,2.38E-05
32,64,64,23209.91413,3.471839654,28.67941751,0.571882649,131090,2.46E-05
32,64,64,23231.66491,3.524141223,28.76980849,0.406760701,131090,1.75E-05
32,64,64,23238.34052,3.495018671,28.79760778,0.532731663,131090,2.29E-05
32,64,64,23240.30746,3.488183391,28.80580386,0.568876889,131090,2.45E-05
128,32,32,23248.16451,3.455961877,28.83856678,0.519077025,131090,2.23E-05
32,64,64,23259.60479,3.508217849,28.88633796,0.523215256,131090,2.25E-05
128,32,32,23266.38806,3.490922431,28.91470022,0.522047167,131090,2.24E-05
128,32,32,23274.20612,3.491500372,28.94742371,0.528094769,131090,2.27E-05
32,64,64,23313.71264,3.582953085,29.1133506,0.482678705,131090,2.07E-05
128,32,32,23323.19647,3.568715823,29.15332388,0.457926566,131090,1.96E-05
96,32,32,23150.53847,3.440392329,28.4341099,0.553006576,98322,2.39E-05
96,32,32,23165.82187,3.45634611,28.49705127,0.536181766,98322,2.31E-05
96,32,32,23206.89295,3.497089113,28.66688474,0.577043239,98322,2.49E-05
96,32,32,23209.91642,3.445570402,28.67942703,0.575415204,98322,2.48E-05
96,32,32,23213.63609,3.452070547,28.69486494,0.593002118,98322,2.55E-05
96,32,32,23220.45081,3.505930419,28.72316988,0.538700396,98322,2.32E-05
96,32,32,23224.30767,3.506751066,28.73920172,0.553887469,98322,2.38E-05
96,32,32,23264.61619,3.500238248,28.907289,0.55638786,98322,2.39E-05
96,32,32,23319.64388,3.582844946,29.1383437,0.500322369,98322,2.15E-05
64,32,32,23161.03436,3.44218147,28.47731997,0.573563545,65554,2.48E-05
64,32,32,23170.82733,3.471092428,28.51769546,0.537167812,65554,2.32E-05
64,32,32,23175.18166,3.442969079,28.53566629,0.580634613,65554,2.51E-05
64,32,32,23207.18023,3.488275657,28.66807621,0.504028162,65554,2.17E-05
64,32,32,23225.4763,3.448536838,28.74406117,0.548661339,65554,2.36E-05
64,32,32,23226.55505,3.472726767,28.74854758,0.557995893,65554,2.40E-05
64,32,32,23244.25812,3.498424163,28.82227295,0.57004298,65554,2.45E-05
64,32,32,23287.31191,3.536044377,29.00236276,0.469605247,65554,2.02E-05
64,32,32,23317.17479,3.582403891,29.12793683,0.462096807,65554,1.98E-05
32,32,32,23214.09849,3.487717119,28.69678463,0.555343442,32786,2.39E-05
32,32,32,23226.87246,3.513702138,28.74986779,0.506293941,32786,2.18E-05
32,32,32,23227.09347,3.502388854,28.75078709,0.55982333,32786,2.41E-05
32,32,32,23242.66744,3.491753783,28.81564078,0.534424304,32786,2.30E-05
32,32,32,23283.63078,3.540265766,28.98692108,0.514657492,32786,2.21E-05
32,32,32,23304.38243,3.550605695,29.07407825,0.480428269,32786,2.06E-05
32,32,32,23305.24153,3.577435564,29.07769212,0.449729415,32786,1.93E-05
32,32,32,23327.094,3.598756555,29.16976747,0.454941087,32786,1.95E-05
32,32,32,23327.94399,3.57295862,29.17335479,0.470467872,32786,2.02E-05
