Length (m),Beam (m),Draft (m),a_surge,b_surge,c_surge,d_surge,r_squared_surge,a_sway,b_sway,c_sway,d_sway,r_squared_sway,a_heave,b_heave,c_heave,d_heave,r_squared_heave,a_roll,b_roll,c_roll,d_roll,r_squared_roll,a_pitch,b_pitch,c_pitch,d_pitch,r_squared_pitch,a_yaw,b_yaw,c_yaw,d_yaw,r_squared_yaw
0.3,0.1,-0.033333333,0.000173365,-0.003562549,-0.053602073,1.164010758,0.976211981,1.06E-08,1.13E-06,-5.67E-05,0.000585214,0.934341251,0.000568592,-0.020027728,0.126687598,0.878220046,0.943390292,0.000112939,-0.001177149,-0.067474153,0.899652889,0.987384342,0.632194311,-26.09990871,283.6500357,-329.4757792,0.369888746,7.10E-06,-0.000153458,-0.006898705,0.159653402,0.890607104
0.3,0.1,-0.066666667,0.000191204,-0.003937824,-0.054829753,1.163458989,0.968718851,5.25E-08,-1.19E-06,-1.06E-05,0.000258638,0.876196318,0.000960239,-0.034261473,0.258969742,0.727351099,0.677445098,3.93E-05,0.000246415,-0.045709516,0.490835964,0.978924099,0.274976985,-9.960262994,89.98648675,-30.7190848,0.330042328,1.28E-05,-0.000200964,-0.008329427,0.151212143,0.982336973
0.3,0.1,-0.1,4.76E-05,0.001076575,-0.097721742,1.215078921,0.919221098,8.85E-07,-2.64E-05,0.000118422,0.001023415,0.410803523,0.000602473,-0.020688086,0.125332513,0.891054643,0.942808166,0.003292217,-0.092576499,0.258374751,5.120707985,0.420238763,1.405144239,-55.74185484,580.2828884,-686.3227019,0.155757682,1.42E-05,-0.000180959,-0.009401307,0.158842342,0.90720659
0.3,0.1,-0.133333333,0.000142692,-0.002329572,-0.067680074,1.171116017,0.979575569,-5.91E-08,3.57E-06,-7.21E-05,0.000486246,0.946908177,0.000881363,-0.029864592,0.197545313,0.834950821,0.786611268,-0.000299928,0.016082151,-0.280206685,1.581884687,0.993193506,0.205919551,-7.35835838,64.7112419,-8.213031909,0.366569844,2.06E-05,-0.000377495,-0.007806239,0.14877288,0.968346056
0.3,0.1,-0.166666667,0.000121228,-0.001307065,-0.080936808,1.184229741,0.981542366,4.09E-08,-9.68E-07,-7.23E-06,0.000196398,0.829569462,0.000983028,-0.032408036,0.205102495,0.871880869,0.705922478,-0.000214937,0.011369996,-0.194328754,1.065481969,0.987849079,0.084785452,-2.871197948,21.85350925,28.46022122,0.300644103,1.71E-05,-0.000232275,-0.009361297,0.146513929,0.975922568
0.3,0.15,-0.022222222,9.96E-05,-0.000323576,-0.092842404,1.193095573,0.983738277,-9.06E-08,4.21E-06,-6.56E-05,0.000356318,0.729580152,0.00118392,-0.039099897,0.258127257,0.857752265,0.510017443,-0.000482841,0.022373696,-0.329262656,1.526977102,0.992287389,0.11375661,-3.829192044,29.26469126,25.60599043,0.396832264,1.34E-05,-8.69E-05,-0.010794202,0.145398928,0.980610523
0.3,0.15,-0.044444444,5.36E-05,0.001490877,-0.111404081,1.204362269,0.987218322,3.06E-08,-8.22E-07,-1.42E-06,0.000106441,0.484299557,0.000889281,-0.027405922,0.135171024,1.02941919,0.604054675,-0.00128,0.063753748,-1.005811312,4.926620777,0.666758083,0.564109958,-19.49367156,160.9187641,11.50813556,0.167557139,7.63E-06,0.00013204,-0.012881212,0.145018879,0.984791357
0.3,0.15,-0.066666667,9.48E-05,-0.000442882,-0.087468394,1.205903937,0.974844031,5.81E-08,1.15E-05,-0.000421242,0.003309768,0.392804498,0.000527662,-0.016760024,0.072155122,0.97183077,0.951777962,-0.000163999,0.059191192,-1.781288089,13.07981812,0.393184664,0.48090768,-19.42163707,205.0651018,-226.45115,0.446059189,7.26E-06,-4.60E-05,-0.008078158,0.13044611,0.911232572
0.3,0.15,-0.088888889,6.72E-05,0.000852659,-0.103950305,1.215231677,0.977154964,5.82E-08,-1.18E-06,-1.39E-05,0.000272133,0.854026623,0.000755798,-0.024470876,0.13525767,0.926300703,0.800392879,-0.000257962,0.013757889,-0.238061318,1.331327996,0.990796972,0.365753831,-13.60931846,128.4493241,-90.90236008,0.446333282,9.92E-06,-0.000130244,-0.006291674,0.10061441,0.9842764
0.3,0.15,-0.111111111,4.56E-05,0.001851282,-0.116242257,1.223644913,0.977533897,-4.48E-08,2.52E-06,-4.86E-05,0.000319917,0.825294149,0.000960218,-0.031248937,0.188224478,0.913696782,0.586274586,-0.000262268,0.013260952,-0.215938262,1.124620012,0.989429314,0.36307498,-13.06546408,116.5155391,-52.57487901,0.274052082,6.53E-06,-3.13E-06,-0.007111518,0.091990549,0.983158215
0.3,0.2,-0.033333333,1.81E-05,0.003027618,-0.129508845,1.233755593,0.978602109,-1.61E-07,6.98E-06,-9.52E-05,0.000411234,0.827062155,0.000763097,-0.023204989,0.100792447,1.044517448,0.679618432,-0.001656491,0.070785803,-0.927267358,3.619733464,0.953761509,0.242920434,-8.649897554,75.35414021,-19.01744042,0.422948637,1.41E-06,0.000186404,-0.008766981,0.090117611,0.987476233
0.3,0.2,-0.066666667,-2.35E-05,0.004687279,-0.14680424,1.247600256,0.97686634,2.59E-07,-8.46E-06,5.76E-05,0.000125804,0.250614034,0.001386229,-0.045199746,0.291799326,0.959119142,0.323708125,0.001631594,-0.047596381,0.188268768,1.988580319,0.190577696,0.300491316,-10.81800752,96.32918131,-36.7141843,0.367544103,-1.04E-06,0.000280215,-0.009575476,0.088126384,0.987244999
0.3,0.2,-0.1,0.000155023,-0.002388238,-0.072853678,1.180412016,0.975445163,1.15E-07,-3.81E-06,2.53E-05,8.64E-05,0.605673391,0.001364582,-0.048140281,0.376924354,0.633465544,0.456195931,5.35E-06,0.001311168,-0.050265458,0.430924206,0.976006982,0.107095798,-3.653015139,28.58072141,26.21116581,0.297728944,1.10E-05,-0.000104165,-0.009230059,0.142060389,0.987650931
0.3,0.2,-0.133333333,9.36E-05,-0.000249838,-0.090473565,1.212436174,0.946737696,1.97E-07,-6.96E-06,6.00E-05,4.82E-06,0.419765875,0.000500641,-0.015648724,0.061384084,0.981916958,0.967120873,0.00181415,-0.064867691,0.555829907,0.142972818,0.423734485,0.453380266,-18.81250028,204.8168007,-238.6781179,0.380970231,1.25E-05,-0.000206698,-0.005891696,0.105214046,0.963836395
0.3,0.2,-0.166666667,7.68E-05,0.000432113,-0.09841312,1.209058821,0.979859944,1.16E-06,-3.36E-05,0.000139173,0.001304015,0.171217096,0.00068719,-0.021747242,0.108711469,0.947557195,0.875886125,0.005615193,-0.166430261,0.785280517,5.414360316,0.160418538,0.659280261,-24.58580384,235.5723659,-211.7810592,0.25234412,5.87E-06,4.08E-05,-0.008125576,0.103131814,0.961373511
0.4,0.2,-0.0375,5.89E-05,0.001277162,-0.109110011,1.215385603,0.981101524,-1.05E-06,4.54E-05,-0.000613874,0.0025514,0.689266662,0.000797797,-0.025068219,0.129877121,0.954255504,0.774208688,-0.004556128,0.199505902,-2.709316373,11.13186383,0.639243727,0.451227024,-16.17727576,145.0653731,-80.801072,0.262850281,4.72E-06,0.000101889,-0.008903113,0.101451489,0.973903651
0.4,0.2,-0.075,4.49E-05,0.00195864,-0.117837959,1.221406409,0.98113468,-2.08E-07,1.04E-05,-0.000168031,0.000873861,0.706955594,0.000911684,-0.02869671,0.156161139,0.957464844,0.639550246,-0.002295482,0.103704614,-1.467081761,6.366638858,0.770779918,0.306004175,-10.82680157,94.49006652,-36.10470432,0.323614747,3.56E-06,9.35E-05,-0.007462189,0.084573116,0.969485208
0.4,0.2,-0.1125,2.48E-05,0.002838686,-0.128010685,1.229752175,0.981102902,3.51E-08,-7.93E-07,-4.69E-06,0.000125115,0.640365866,0.000776263,-0.023146515,0.095251654,1.05362952,0.67079146,0.000112784,0.00440171,-0.233127883,1.9727839,0.603875678,0.252394032,-8.880929645,76.57944099,-20.89516484,0.411909914,-3.02E-06,0.000323114,-0.009586564,0.088436929,0.937255443
0.4,0.2,-0.15,9.76E-05,-0.000566878,-0.085544404,1.202116128,0.969977212,1.21E-07,-4.65E-06,4.45E-05,-1.43E-05,0.124167369,0.000511062,-0.015996597,0.063479889,0.982789647,0.960512821,0.001311874,-0.049197349,0.459575565,-0.145341985,0.239028822,0.44338397,-17.86611947,188.2456404,-206.5149119,0.463480955,1.21E-05,-0.000224236,-0.004469845,0.08517072,0.971357934
0.4,0.2,-0.1875,5.94E-05,0.001049696,-0.104239309,1.212673603,0.982101773,1.37E-07,-4.55E-06,3.08E-05,9.07E-05,0.662423483,0.000674294,-0.021138783,0.100301741,0.967177664,0.863692044,0.000996299,-0.032280859,0.210390847,0.620422916,0.497228515,0.532217714,-19.76902509,187.5814316,-155.2874187,0.274133868,6.33E-06,-2.70E-06,-0.006593241,0.083645037,0.968910505
0.4,0.25,-0.03,4.42E-05,0.001801927,-0.114083899,1.217878607,0.98377274,1.45E-07,-4.75E-06,3.09E-05,0.000105732,0.692950228,0.000798576,-0.024981961,0.126276921,0.973926729,0.709041051,0.000605419,-0.016610577,0.034265,1.038305288,0.531195092,0.858644876,-30.72211341,274.3015239,-157.9262584,0.163773469,-9.22E-07,0.00025641,-0.008953377,0.085251874,0.972440894
0.4,0.25,-0.06,2.98E-05,0.002506881,-0.12315039,1.225128595,0.983005917,1.07E-07,-3.81E-06,3.37E-05,-1.35E-05,0.590212534,0.000717291,-0.021383438,0.08336484,1.051581429,0.72267189,0.000438732,-0.011533788,0.009122734,0.863685203,0.512404891,0.234732722,-8.273784516,71.16293921,-16.58718844,0.417188452,-3.64E-06,0.00037772,-0.010515878,0.089265568,0.973768489
0.4,0.25,-0.09,4.71E-06,0.003576024,-0.135172852,1.235749303,0.981198774,1.27E-08,-6.69E-09,-1.28E-05,0.000152451,0.308627829,0.000972737,-0.030068715,0.153956079,1.042533194,0.462245031,0.001034032,-0.033561085,0.227214898,0.490381667,0.231300848,0.244684193,-8.676845169,75.43371618,-19.40362178,0.425014713,-2.69E-06,0.000344098,-0.01005744,0.085553399,0.976467741
0.4,0.25,-0.12,0.000124657,-0.001115345,-0.087020063,1.190411711,0.979145427,-8.76E-08,4.07E-06,-6.27E-05,0.000327762,0.643816967,0.00142649,-0.048557959,0.354882942,0.738195806,0.4324409,-3.53E-05,0.003025502,-0.071509387,0.499291731,0.961613085,0.131026588,-4.465971288,35.22101666,21.3296354,0.409456232,-1.88E-06,0.000419683,-0.015142184,0.153256638,0.980601071
0.4,0.25,-0.15,6.01E-05,0.001262161,-0.108979791,1.23227156,0.951806672,5.58E-07,-2.02E-05,0.000182451,-7.64E-05,0.142808335,0.000411686,-0.011704537,0.015129178,1.041810827,0.962602297,0.005997266,-0.21908826,2.016032693,-1.268027546,0.15226485,0.345533686,-13.88125062,145.4412464,-152.2382169,0.524229154,6.15E-06,-6.32E-05,-0.004500973,0.069051217,0.936326198
0.4,0.3,-0.033333333,4.12E-05,0.002032499,-0.117807908,1.231287156,0.972027263,2.37E-07,-4.61E-06,-4.58E-05,0.000836764,0.441053975,0.000563522,-0.016646685,0.053217203,1.017833563,0.892743765,0.001112101,-0.022920783,-0.17029415,3.550201389,0.404622494,0.410749977,-15.37543795,147.6485213,-127.777332,0.455140672,-8.67E-06,0.000516327,-0.010894002,0.083637036,0.908808644
0.4,0.3,-0.066666667,7.17E-06,0.003455456,-0.133573124,1.242872557,0.972421775,-1.62E-06,7.03E-05,-0.000946643,0.003840414,0.463561515,0.000685776,-0.020584527,0.082629514,1.01313197,0.767127331,-0.007802378,0.338414567,-4.527148489,18.12076707,0.446489699,0.332831481,-12.093214,110.7630942,-72.17158387,0.452129444,5.21E-06,-2.33E-05,-0.004631093,0.061086988,0.979178792
0.4,0.3,-0.1,2.40E-05,0.002996957,-0.131438327,1.240452535,0.963943836,-5.59E-08,4.44E-06,-9.88E-05,0.000647362,0.57810818,0.000699739,-0.02063474,0.076310932,1.046865136,0.734758969,-0.001036215,0.055653429,-0.942190856,4.923065627,0.551676932,0.53377559,-18.98356362,168.190956,-92.08878301,0.212690349,-8.43E-07,0.000199705,-0.006725654,0.062332527,0.981167809
0.4,0.3,-0.133333333,-0.000130296,0.008611221,-0.183177705,1.27420045,0.945781557,-8.27E-08,3.51E-06,-4.78E-05,0.000218193,0.420045713,0.000777318,-0.022910682,0.088925031,1.077940107,0.576864124,0.002157468,-0.062386865,0.253782749,2.413014982,0.166410614,0.690788559,-24.5189088,216.7305804,-118.8545083,0.175840271,5.68E-06,-5.71E-05,-0.003733386,0.052044667,0.960248285
0.4,0.3,-0.166666667,5.79E-05,0.001253137,-0.107898684,1.225610283,0.971076121,7.19E-09,-1.39E-07,-4.30E-06,8.06E-05,0.129354217,0.000453185,-0.013017563,0.024716242,1.035949686,0.950650412,0.001216407,-0.043305373,0.370218377,0.066623576,0.290361549,0.386131238,-15.03958242,152.1018456,-152.042875,0.487462475,2.83E-06,0.000120944,-0.007463582,0.081259823,0.939912207
0.5,0.25,-0.032,4.13E-05,0.002003126,-0.117153441,1.228719912,0.974539389,8.51E-08,-2.41E-06,5.79E-06,0.000158029,0.634657574,0.00055613,-0.016242454,0.047572807,1.029044963,0.888102584,0.000947168,-0.030298706,0.191698858,0.612907896,0.495938132,0.449712113,-16.69077829,158.4764726,-133.7739925,0.351791202,-5.43E-07,0.000177331,-0.006376951,0.062753773,0.944659387
0.5,0.25,-0.064,7.72E-06,0.003394841,-0.132460161,1.24084067,0.974098825,1.34E-07,-4.16E-06,2.27E-05,0.000124126,0.599984394,0.000645176,-0.019054399,0.067643712,1.030068588,0.785729924,0.000672981,-0.019085127,0.060852047,0.962458324,0.524465972,0.323907117,-11.75018474,107.3413777,-68.59345229,0.452808963,-9.07E-07,0.000204487,-0.006952714,0.066033445,0.962651606
0.5,0.25,-0.096,2.33E-05,0.002977863,-0.130654094,1.238586905,0.968570764,9.50E-08,-2.96E-06,1.53E-05,0.000104875,0.68826449,0.000647297,-0.018738303,0.058889157,1.061697748,0.760348138,0.000500369,-0.012932678,0.006276159,0.990402834,0.469602066,0.443678051,-15.78930975,139.8903354,-74.2368943,0.24237005,-7.16E-06,0.000376862,-0.007478325,0.058766498,0.892244995
0.5,0.25,-0.128,-0.000158692,0.009546575,-0.190490734,1.277754668,0.918305431,2.69E-08,-9.15E-07,5.63E-06,3.45E-05,0.212741718,0.000684886,-0.019686629,0.061211754,1.090980598,0.646926529,0.000432855,-0.012024758,0.031485628,0.671234746,0.520012895,0.865279368,-30.71832346,271.8706755,-155.0787556,0.160806296,-4.70E-06,0.00032248,-0.007513598,0.060701573,0.931130668
0.5,0.25,-0.16,6.48E-05,0.001152611,-0.109003723,1.200969125,0.983330438,2.73E-08,-9.54E-07,7.03E-06,1.94E-05,0.158657398,0.001054306,-0.034010192,0.205418097,0.927221965,0.608441814,-0.000247428,0.01198917,-0.185991115,0.91781103,0.985058284,2.101734378,-72.05201378,586.9722504,47.57818106,0.124366581,-5.52E-06,0.000590938,-0.017386537,0.157857312,0.969626555
0.5,0.3,-0.04,2.23E-05,0.002639789,-0.122158847,1.240170752,0.952237221,9.28E-08,-3.45E-06,3.30E-05,-3.22E-05,0.310303017,0.000474128,-0.013620942,0.028124373,1.03690508,0.939288922,0.00058332,-0.020560086,0.169715297,0.107494388,0.400957969,0.436916613,-16.78174053,167.0018805,-164.7057247,0.372722591,2.45E-06,9.53E-05,-0.00603711,0.064897454,0.947116822
0.5,0.3,-0.066666667,3.86E-05,0.002100955,-0.11804,1.228236815,0.976970481,5.25E-08,-1.83E-06,1.37E-05,2.92E-05,0.21185491,0.000546372,-0.015794627,0.042122041,1.038630113,0.88328094,0.000930105,-0.031856047,0.252137485,0.16888736,0.286062972,0.526970867,-19.48732095,184.2787616,-157.1160292,0.271851268,1.12E-06,0.000135074,-0.005949525,0.05715658,0.951663269
0.5,0.3,-0.093333333,8.17E-06,0.00334415,-0.131507894,1.239131041,0.975321655,9.22E-08,-3.35E-06,3.08E-05,-2.30E-05,0.481837642,0.000609842,-0.017735604,0.054895277,1.043962933,0.806063733,0.000558536,-0.017997227,0.116826126,0.33762466,0.492830631,0.316670088,-11.4711378,104.5445701,-65.63097813,0.453679398,-2.12E-06,0.00023224,-0.00677548,0.062132321,0.926943637
0.5,0.3,-0.12,2.06E-05,0.003007715,-0.129976129,1.236914625,0.971710018,9.22E-08,-3.35E-06,3.08E-05,-2.30E-05,0.481837642,0.000607927,-0.01732262,0.045986001,1.072474599,0.780540039,0.000681702,-0.021781745,0.139939747,0.392697338,0.309471717,0.392511347,-13.97479012,123.8249569,-64.26375036,0.269265739,-6.36E-06,0.000414924,-0.008959398,0.065808488,0.961202956
0.5,0.3,-0.146666667,-9.69E-05,0.007290127,-0.169564128,1.262735537,0.961605745,8.24E-09,-6.44E-08,-6.82E-06,9.32E-05,0.3212503,0.000632252,-0.017859801,0.045626875,1.098056603,0.689145976,0.000802976,-0.025988754,0.176462749,0.364102744,0.240473866,1.149064043,-40.80898039,361.7309132,-214.0078256,0.148150052,-4.22E-06,0.000305999,-0.00708799,0.054211959,0.940290867
0.5,0.35,-0.045714286,-8.13E-06,0.003918509,-0.136634728,1.255425525,0.954619069,2.94E-08,-1.12E-06,9.08E-06,3.36E-05,0.074208896,0.000351597,-0.008977218,-0.017932384,1.086681195,0.943860737,0.001091273,-0.038439503,0.317667027,0.180362822,0.309255032,0.321715625,-12.32463732,121.6194062,-109.9604468,0.502209964,1.63E-06,7.54E-05,-0.00474195,0.052939891,0.962787467
0.5,0.35,-0.068571429,-3.67E-06,0.003805588,-0.136357975,1.248085851,0.972120878,1.25E-07,-4.01E-06,2.45E-05,1.00E-04,0.612600963,0.000417238,-0.011039015,-0.003417874,1.084559112,0.903124153,0.000888791,-0.0282675,0.172204388,0.647126808,0.467835353,0.347220074,-12.91654214,122.4840575,-97.88806686,0.441211246,8.97E-07,7.71E-05,-0.004051754,0.043727811,0.877493179
0.5,0.35,-0.091428571,-7.74E-05,0.006652471,-0.164960869,1.273242472,0.947426459,1.40E-07,-4.43E-06,2.59E-05,0.000115267,0.530783669,0.000488967,-0.013298236,0.012986931,1.082550444,0.839170843,0.000748317,-0.021825752,0.085805173,0.944487772,0.468883399,0.422068723,-15.47414329,144.05669,-111.0042663,0.29333202,5.33E-06,-0.000115517,-0.001683767,0.037366347,0.854135717
0.5,0.35,-0.114285714,-3.94E-05,0.005313923,-0.153195081,1.25973536,0.967949406,1.27E-07,-4.17E-06,2.86E-05,6.48E-05,0.533646579,0.000509671,-0.013889589,0.015394884,1.096953547,0.798955441,0.000518454,-0.013352219,0.002688438,1.071177032,0.452600835,0.276736582,-9.963440055,89.43316975,-47.24730105,0.439521318,2.17E-07,0.000102449,-0.004298501,0.043820914,0.956248521
0.5,0.35,-0.137142857,-2.56E-05,0.004897374,-0.150485843,1.256876366,0.962292141,4.64E-08,-1.44E-06,7.20E-06,5.43E-05,0.426475772,0.000527448,-0.014256722,0.014420288,1.119071873,0.728667896,0.000408915,-0.010473744,5.44E-05,0.862598383,0.500387189,0.37406577,-13.34901009,118.2532927,-58.79958102,0.254241797,-2.34E-06,0.000196006,-0.005045528,0.041748181,0.943166582
0.6,0.3,-0.044444444,0.000170406,-0.003665894,-0.049107484,1.163098303,0.979484568,-1.15E-06,5.35E-05,-0.000797415,0.003827897,0.971434566,0.000480417,-0.016567808,0.09187365,0.92552345,0.976884997,-0.005841247,0.259010381,-3.615448955,15.82342679,0.980129207,0.423980126,-20.4452808,255.9890897,-343.6901277,0.370991929,6.69E-05,-0.001716109,-0.003306946,0.260700823,0.89136176
0.6,0.3,-0.066666667,-1.72E-05,0.004255034,-0.139901401,1.257610261,0.95044418,3.68E-08,-1.17E-06,4.45E-06,7.66E-05,0.123111753,0.000360341,-0.009213414,-0.016899778,1.088323111,0.938181676,0.000714858,-0.025351835,0.213202765,0.078463341,0.272487915,0.323952724,-12.32419955,120.5041349,-106.2747184,0.487040648,-4.61E-06,0.000266264,-0.005842678,0.050016745,0.90039855
0.6,0.3,-0.088888889,-3.63E-06,0.003783022,-0.135844558,1.246605904,0.973711878,7.38E-08,-2.68E-06,2.46E-05,-1.91E-05,0.21421757,0.000407971,-0.010663301,-0.007472441,1.090493261,0.901104345,0.000776789,-0.026505484,0.204826241,0.202602739,0.305341062,0.349615189,-12.9690162,122.4837564,-96.37707874,0.408582389,-6.10E-07,0.000143478,-0.004784917,0.043911377,0.918260488
0.6,0.3,-0.111111111,-7.28E-05,0.006450665,-0.162673791,1.270861746,0.94887267,6.76E-08,-2.53E-06,2.43E-05,-2.36E-05,0.350070597,0.000450581,-0.011973477,0.001174513,1.094792324,0.853608585,0.000563361,-0.018361362,0.12225461,0.326216372,0.448978462,0.386278755,-14.18351158,132.0048715,-98.76600383,0.314178238,1.85E-06,3.61E-05,-0.003455758,0.040488536,0.922307925
0.6,0.3,-0.133333333,-3.67E-05,0.0051738,-0.151336688,1.257367566,0.968957874,-1.09E-08,6.86E-07,-1.46E-05,0.000102919,0.337274243,0.00046953,-0.012439875,0.002138876,1.107980427,0.818837894,0.000579473,-0.018410172,0.113010919,0.400014608,0.360072618,0.271774461,-9.796880229,88.12508131,-47.35787343,0.452786949,2.23E-07,0.000106086,-0.004211847,0.040324681,0.963520591
0.6,0.35,-0.047619048,-2.61E-05,0.004870092,-0.149576238,1.25505604,0.966408612,-1.09E-08,6.87E-07,-1.46E-05,0.000102919,0.337265288,0.000488995,-0.012891332,0.002551196,1.124227159,0.761450731,0.00092086,-0.029994714,0.206221279,0.404977366,0.221049717,0.320900492,-11.44806922,101.3305097,-48.87775789,0.300801862,-5.14E-06,0.000308907,-0.006309017,0.044362425,0.960993127
0.6,0.35,-0.066666667,-9.85E-06,0.003963455,-0.136767598,1.256020205,0.952152799,9.18E-08,-3.31E-06,2.82E-05,1.67E-05,0.305648121,0.000342914,-0.008672936,-0.020625656,1.089406959,0.945836112,0.000274064,-0.009639562,0.076882567,0.100471592,0.499912097,0.300650499,-11.51231369,113.4173056,-99.96275779,0.53732209,5.89E-07,0.000136115,-0.005513246,0.052448109,0.954371649
0.6,0.35,-0.085714286,1.66E-07,0.003610194,-0.133749504,1.244826462,0.974312613,9.57E-08,-3.54E-06,3.34E-05,-3.10E-05,0.184761259,0.000391876,-0.010111621,-0.012112463,1.093684548,0.909773126,0.000531678,-0.01872751,0.155549029,0.06571816,0.283208047,0.328028659,-12.19008372,115.3562347,-90.28234725,0.452341315,-8.44E-07,0.000165074,-0.005235428,0.046175574,0.953281994
0.6,0.35,-0.104761905,-7.30E-05,0.006431205,-0.162136384,1.269973999,0.947034662,3.42E-08,-1.08E-06,5.46E-06,4.23E-05,0.102801176,0.000429398,-0.01119822,-0.006090439,1.101905183,0.864633237,0.00067407,-0.023209649,0.185219994,0.110927506,0.234304929,0.372571593,-13.6725303,127.1043167,-93.91936388,0.322267043,-1.34E-07,0.00011932,-0.004338079,0.041035976,0.949455549
0.6,0.35,-0.123809524,-3.24E-05,0.005001085,-0.149513265,1.255079027,0.97017936,7.16E-08,-2.56E-06,2.29E-05,-1.32E-05,0.364583563,0.000443981,-0.011477114,-0.007295889,1.118911288,0.82289196,0.000510209,-0.017140478,0.127340894,0.169054187,0.286257814,0.266679734,-9.593851557,85.98620164,-44.45394006,0.442215146,-1.19E-06,0.000154198,-0.004531109,0.039153869,0.958352747
0.6,0.4,-0.041666667,-1.75E-05,0.004589146,-0.147242509,1.252357401,0.966366759,-3.66E-08,1.60E-06,-2.28E-05,0.000108197,0.34350582,0.000486776,-0.012647043,-0.001355004,1.130614947,0.752653715,0.000340825,-0.01100001,0.071698592,0.204764615,0.415097125,0.33452659,-11.86995715,104.4801049,-50.18028379,0.282708771,-2.29E-06,0.000178483,-0.004485208,0.03719266,0.930913196
0.6,0.4,-0.0625,2.56E-05,0.001878367,-0.105493569,1.213110552,0.916086338,2.34E-07,-7.68E-06,4.86E-05,0.000195075,0.730926936,0.000710659,-0.024713451,0.163862748,0.843845552,0.883006611,9.61E-07,0.003709912,-0.13142008,1.1247329,0.986931238,1.482205749,-55.72234875,540.476553,-522.4135034,0.160391923,4.86E-06,0.000126857,-0.013130393,0.185171836,0.913270195
0.6,0.4,-0.083333333,-4.71E-05,0.005543354,-0.154237945,1.272574838,0.948793419,-1.52E-08,7.32E-07,-1.32E-05,9.26E-05,0.259706211,0.000266015,-0.005581458,-0.052396208,1.119422126,0.946946703,0.000323777,-0.01096471,0.07932011,0.179622991,0.644076142,0.248709817,-9.369825852,90.35711761,-71.73913702,0.619562425,-1.01E-06,0.000164933,-0.005050135,0.044251591,0.965095176
0.6,0.4,-0.104166667,-3.67E-05,0.005137354,-0.150162251,1.259791757,0.970985819,-3.47E-08,1.49E-06,-2.11E-05,0.000102323,0.3056081,0.000311778,-0.006944195,-0.043910399,1.121567861,0.922184971,0.000478595,-0.01580317,0.110486398,0.2371258,0.503478793,0.280234798,-10.32519716,96.70642731,-72.04419695,0.523246574,-4.00E-08,9.86E-05,-0.003748792,0.03647283,0.894021693
0.6,0.4,-0.125,-8.55E-05,0.007014536,-0.169046009,1.274854163,0.95570521,-8.86E-09,5.79E-07,-1.30E-05,9.70E-05,0.226575587,0.000354159,-0.008238575,-0.035383415,1.125020599,0.883883558,0.000710584,-0.023478585,0.168203049,0.275735948,0.328717318,0.351932548,-12.82114475,118.361618,-87.07107146,0.325292266,3.52E-06,-3.98E-05,-0.002204367,0.03187143,0.941273961
0.7,0.35,-0.040816327,-7.96E-05,0.006862491,-0.168443057,1.27152479,0.962977173,7.35E-08,-2.61E-06,2.31E-05,-1.33E-05,0.36460715,0.000384848,-0.009141073,-0.030152965,1.132968533,0.84591832,0.000503389,-0.015670635,0.090224569,0.389208821,0.411882408,0.269420258,-9.67149838,86.93141604,-50.2008546,0.441554129,2.21E-06,7.31E-06,-0.00256471,0.030770242,0.903288531
0.7,0.35,-0.06122449,-6.95E-05,0.006569883,-0.16667745,1.268355406,0.966308198,3.12E-08,-9.54E-07,4.18E-06,4.48E-05,0.288195323,0.000407418,-0.009750888,-0.027728205,1.146096991,0.790721474,0.000771918,-0.024715571,0.162191878,0.397124024,0.244798951,0.256901821,-9.103006491,79.93540827,-36.2131964,0.38927015,-4.98E-07,9.25E-05,-0.003087244,0.02902807,0.915430264
0.7,0.35,-0.081632653,-4.88E-05,0.00557967,-0.154420216,1.271265913,0.94966317,8.30E-09,-6.47E-08,-6.84E-06,9.32E-05,0.321250618,0.000270606,-0.00570503,-0.051857816,1.1204428,0.944255073,0.000219721,-0.0074569,0.054015727,0.125857299,0.630637334,0.250405207,-9.393690207,90.10454491,-70.41848431,0.604852031,-1.14E-06,0.000167757,-0.004880348,0.041269052,0.963920772
0.7,0.35,-0.102040816,-3.88E-05,0.005212885,-0.150890225,1.259027603,0.971994871,9.76E-08,-3.50E-06,3.16E-05,-2.19E-05,0.316524405,0.000313858,-0.006957002,-0.044665542,1.12501469,0.915868359,0.000401705,-0.013731558,0.106356448,0.11372287,0.368087677,0.281588117,-10.32306853,95.97506568,-69.11249446,0.484587809,-1.49E-06,0.000149675,-0.004080589,0.034533491,0.924740127
0.7,0.35,-0.12244898,0.000173365,-0.003562549,-0.053602073,1.164010758,0.976211981,1.06E-08,1.13E-06,-5.67E-05,0.000585214,0.934341251,0.000568592,-0.020027728,0.126687598,0.878220046,0.943390292,0.000112939,-0.001177149,-0.067474153,0.899652889,0.987384342,0.632194311,-26.09990871,283.6500357,-329.4757792,0.369888746,7.10E-06,-0.000153458,-0.006898705,0.159653402,0.890607104
0.7,0.4,-0.042857143,0.000173365,-0.003562549,-0.053602073,1.164010758,0.976211981,1.06E-08,1.13E-06,-5.67E-05,0.000585214,0.934341251,0.000568592,-0.020027728,0.126687598,0.878220046,0.943390292,0.000112939,-0.001177149,-0.067474153,0.899652889,0.987384342,0.632194311,-26.09990871,283.6500357,-329.4757792,0.369888746,7.10E-06,-0.000153458,-0.006898705,0.159653402,0.890607104
0.7,0.4,-0.064285714,0.000173365,-0.003562549,-0.053602073,1.164010758,0.976211981,1.06E-08,1.13E-06,-5.67E-05,0.000585214,0.934341251,0.000568592,-0.020027728,0.126687598,0.878220046,0.943390292,0.000112939,-0.001177149,-0.067474153,0.899652889,0.987384342,0.632194311,-26.09990871,283.6500357,-329.4757792,0.369888746,7.10E-06,-0.000153458,-0.006898705,0.159653402,0.890607104
0.7,0.4,-0.085714286,0.000155122,-0.002744087,-0.064431894,1.170483459,0.974212386,3.11E-08,-3.66E-07,-2.01E-05,0.000291922,0.856331812,0.000909696,-0.03137547,0.218080244,0.798983374,0.776593663,5.37E-07,0.002381112,-0.083189237,0.697509361,0.980055741,0.223933001,-8.059288677,71.80209316,-14.96985761,0.36226614,1.65E-05,-0.00029329,-0.008314379,0.157411453,0.984748857
0.7,0.4,-0.107142857,0.000173365,-0.003562549,-0.053602073,1.164010758,0.976211981,1.06E-08,1.13E-06,-5.67E-05,0.000585214,0.934341251,0.000568592,-0.020027728,0.126687598,0.878220046,0.943390292,0.000112939,-0.001177149,-0.067474153,0.899652889,0.987384342,0.632194311,-26.09990871,283.6500357,-329.4757792,0.369888746,7.10E-06,-0.000153458,-0.006898705,0.159653402,0.890607104
0.7,0.4,-0.128571429,0.000173365,-0.003562549,-0.053602073,1.164010758,0.976211981,1.06E-08,1.13E-06,-5.67E-05,0.000585214,0.934341251,0.000568592,-0.020027728,0.126687598,0.878220046,0.943390292,0.000112939,-0.001177149,-0.067474153,0.899652889,0.987384342,0.632194311,-26.09990871,283.6500357,-329.4757792,0.369888746,7.10E-06,-0.000153458,-0.006898705,0.159653402,0.890607104
0.7,0.45,-0.050793651,0.000154437,-0.002479253,-0.070474675,1.180173962,0.974551602,7.42E-08,-2.20E-06,6.58E-06,0.000144512,0.72434287,0.001139828,-0.039138478,0.282649277,0.749649563,0.595309081,-1.86E-05,0.002729697,-0.076858147,0.588362661,0.977288769,0.161185138,-5.526350723,44.41811584,23.98783463,0.208403206,1.59E-05,-0.000261802,-0.00812445,0.14345685,0.984270274
0.7,0.45,-0.06984127,0.000122002,-0.001223401,-0.083309426,1.186880048,0.979569226,7.85E-08,-2.57E-06,1.35E-05,0.000116608,0.737941352,0.001070788,-0.035588307,0.234395937,0.845664338,0.651284967,-5.64E-05,0.00411649,-0.089602578,0.594015842,0.967283489,0.088619297,-2.969927418,22.05940668,30.5281658,0.325654811,1.10E-05,-1.92E-05,-0.012056846,0.163358776,0.984836027
2,1,-0.15,1.13E-05,0.011894638,-0.244466526,1.25921206,0.960350421,0,0,0,0,1,0.002117869,-0.029461411,-0.035234445,1.087962447,0.943206014,9.50E-05,-0.001848517,0.008315245,0.004256886,0.474987225,0.548325216,-11.57800816,63.16798749,-32.70990715,0.566132555,-1.90E-07,1.49E-05,-0.000266167,0.001411314,0.956690355
2,1,-0.2,-7.82E-05,0.013948723,-0.257202024,1.263999365,0.957489669,1.45E-07,-2.97E-06,1.58E-05,-9.29E-06,0.111453899,0.002398567,-0.034328702,-0.016143734,1.085181474,0.917687786,0.000485933,-0.009789629,0.049805917,-0.018560043,0.145584628,0.613773597,-12.75250534,68.20948317,-34.47707255,0.477611602,-1.53E-06,4.16E-05,-0.000421884,0.001686554,0.921353627
2,1,-0.25,-0.000266513,0.018096216,-0.281362924,1.27147462,0.963348536,0,0,0,0,1,0.002785116,-0.040591841,0.004168049,1.096786152,0.841518816,6.86E-05,-0.001271603,0.00514666,0.004754634,0.474140842,0.785436903,-15.91207234,82.26262811,-38.28201491,0.284418982,8.96E-08,9.26E-06,-0.000226438,0.001244777,0.96462817
2,1,-0.3,-0.00051377,0.023347493,-0.310565357,1.28755323,0.940193402,0,0,0,0,1,0.002830772,-0.040978376,0.00176095,1.108512631,0.818621209,6.97E-05,-0.001278768,0.005077712,0.004839607,0.380151285,0.65056103,-13.08695275,66.80563263,-28.23565722,0.343921129,8.77E-08,8.75E-06,-0.000212458,0.001150862,0.950851074
2,1,-0.35,6.14E-05,0.010972339,-0.239861195,1.260272228,0.958032567,0,0,0,0,1,0.001939229,-0.026310862,-0.047919317,1.09100955,0.954122583,2.77E-05,-0.000521017,0.002056052,0.003213385,0.799970772,0.479327053,-10.24361324,56.67821195,-29.00271852,0.664246298,-6.80E-08,1.29E-05,-0.000243789,0.001218778,0.931944624
2,1,-0.4,-3.41E-05,0.012880033,-0.249980617,1.261986269,0.954710304,0,0,0,0,1,0.002153371,-0.029864473,-0.03516673,1.089802517,0.940082221,3.99E-05,-0.000765641,0.003305915,0.002551362,0.527506698,0.544757274,-11.42653548,61.84577729,-31.31973503,0.55488114,-4.34E-07,1.94E-05,-0.000272448,0.001289618,0.935125295
2,1.15,-0.130434783,-5.14E-05,0.013328379,-0.253213471,1.260812659,0.959079407,0,0,0,0,1,0.002330879,-0.032781953,-0.025116184,1.091102885,0.920095019,4.02E-05,-0.000750779,0.003024581,0.003326421,0.569546995,0.577440383,-11.94588689,63.51697983,-31.11166109,0.517227896,-1.54E-06,4.27E-05,-0.000419994,0.001568181,0.946838067
2,1.15,-0.173913043,1.57E-05,0.012029901,-0.246960307,1.253699044,0.971261843,-2.55E-07,5.51E-06,-3.49E-05,5.97E-05,0.539135691,0.002475297,-0.035072425,-0.018057074,1.094979163,0.895451194,6.65E-05,-0.001277913,0.00574131,0.001814412,0.295645403,0.583592871,-11.90404112,62.0546818,-28.39140251,0.49145925,-3.50E-06,8.52E-05,-0.000683653,0.001915461,0.864189259
2,1.15,-0.217391304,-4.18E-05,0.013358772,-0.255128183,1.256614993,0.972973109,0,0,0,0,1,0.002612291,-0.037310129,-0.010602686,1.098739495,0.869319535,0.000103425,-0.002026697,0.009649239,-0.000316646,0.214864895,0.670684765,-13.5844276,70.18697204,-31.88255736,0.3585077,-1.62E-06,4.30E-05,-0.000398264,0.001361701,0.921210012
2,1.15,-0.260869565,-0.000365037,0.020124635,-0.292072873,1.276947771,0.954193189,0,0,0,0,1,0.002699299,-0.038569159,-0.008064001,1.105845211,0.846500491,5.37E-05,-0.001003978,0.004179198,0.00307516,0.432908195,0.751622992,-15.17253241,78.07414335,-35.58240718,0.294904125,-2.86E-06,7.28E-05,-0.000619139,0.001852458,0.915504894
2,1.15,-0.304347826,-0.000828839,0.02979585,-0.343850951,1.301942693,0.958731191,0,0,0,0,1,0.000783381,-0.000798207,-0.19461659,1.175813689,0.935997575,1.45E-05,-0.000248434,0.000690009,0.002968451,0.82994199,0.332272761,-6.62424667,33.24344339,-10.77823868,0.649213827,-2.84E-07,1.12E-05,-0.000141522,0.000575846,0.950923346
2,1.15,-0.347826087,-0.000828171,0.030060388,-0.346857462,1.299936652,0.956423621,0,0,0,0,1,0.000865034,-0.00196612,-0.192234949,1.181061785,0.923944185,1.59E-05,-0.000271311,0.000776063,0.002956351,0.704634254,0.353077948,-6.984264172,34.66801405,-10.96143248,0.565737441,-1.41E-06,2.66E-05,-0.000170685,0.000568965,0.256049463
2,1.3,-0.115384615,-2.03E-05,0.012876887,-0.252423146,1.257300446,0.969830206,0,0,0,0,1,0.002654512,-0.038774515,0.001314854,1.084818822,0.880139044,0.00011183,-0.002072389,0.008420539,0.007270018,0.479331068,0.613622543,-12.5321615,65.41923847,-30.28712938,0.465555272,-7.60E-07,2.75E-05,-0.000347969,0.001513504,0.936963015
2,1.3,-0.153846154,-0.000893066,0.031313201,-0.353010277,1.300581371,0.956040706,0,0,0,0,1,0.000945384,-0.003140769,-0.189657417,1.186526614,0.908582917,2.22E-05,-0.000389956,0.001314099,0.002916564,0.560883079,0.369298041,-7.269935228,35.83583294,-11.02635594,0.501761258,-1.96E-06,4.66E-05,-0.000361736,0.000964866,0.859897438
2,1.3,-0.192307692,-0.00084204,0.030370009,-0.348666648,1.295904508,0.965308844,-2.62E-07,5.60E-06,-3.52E-05,5.97E-05,0.539318646,0.001014915,-0.004156319,-0.187529962,1.192673315,0.888721931,1.78E-05,-0.000299526,0.000824597,0.003223547,0.646248002,0.366532676,-7.172491216,35.00526129,-9.93556946,0.491933969,-9.23E-08,7.54E-06,-0.000126197,0.000592426,0.900619337
2,1.3,-0.230769231,-0.000811397,0.029853835,-0.346659371,1.292999853,0.970450799,0,0,0,0,1,0.001091486,-0.005316084,-0.184679892,1.198939605,0.864819849,1.86E-05,-0.000319859,0.000976354,0.002905589,0.536455081,0.352259852,-6.846328377,33.0017856,-8.111475781,0.486995438,-9.00E-07,2.38E-05,-0.000214936,0.000680465,0.825285997
2,1.3,-0.269230769,-0.00082013,0.030113323,-0.348534302,1.292451876,0.972051217,0,0,0,0,1,0.001189833,-0.006946184,-0.179201263,1.203968005,0.839195704,1.95E-05,-0.000331044,0.000981436,0.002995684,0.450517189,0.353420746,-6.83174874,32.61594209,-7.130416423,0.435743637,-4.02E-07,1.42E-05,-0.000163528,0.00061625,0.876060361
2,1.3,-0.307692308,-0.000826783,0.02982235,-0.344274137,1.304786173,0.956918267,0,0,0,0,1,0.000739973,-0.000200603,-0.195602663,1.173259718,0.941004026,7.55E-06,-0.000126113,0.000270214,0.002210133,0.788697202,0.318338324,-6.381757965,32.25635021,-10.50107522,0.692670857,-8.31E-07,2.35E-05,-0.00022293,0.000723312,0.943801854
3,1.5,-0.177777778,-0.000836704,0.030026211,-0.34524085,1.300988155,0.957040239,0,0,0,0,1,0.000814546,-0.001228419,-0.193859031,1.177798554,0.932255031,6.96E-06,-0.000118912,0.000266944,0.002181346,0.708483475,0.334725366,-6.654712409,33.25279206,-10.53911974,0.623356548,-1.94E-06,4.78E-05,-0.000381357,0.001022039,0.903963342
3,1.5,-0.222222222,-0.000890297,0.031159821,-0.351554223,1.301720602,0.952970645,0,0,0,0,1,0.000859017,-0.001738637,-0.194273786,1.183893112,0.92053983,1.08E-05,-0.000179925,0.000456107,0.00224478,0.74420543,0.348961959,-6.891865145,34.1113392,-10.46539236,0.557713708,-1.78E-07,9.79E-06,-0.000139204,0.000578406,0.971425731
3,1.5,-0.266666667,-0.000882269,0.031059377,-0.351465551,1.299408463,0.957456323,0,0,0,0,1,0.000912739,-0.002450118,-0.193531585,1.189512922,0.906715957,1.18E-05,-0.000196667,0.000499735,0.002392173,0.678696536,0.356985513,-7.014886479,34.45540026,-10.13403455,0.518837676,-5.99E-07,1.79E-05,-0.000182256,0.000639703,0.908978696
3,1.5,-0.311111111,-0.000820134,0.029889743,-0.345939564,1.294275652,0.966652592,0,0,0,0,1,0.000960428,-0.003085413,-0.192898702,1.195408142,0.890230238,1.31E-05,-0.000223703,0.000673468,0.002024915,0.643442561,0.35194851,-6.877288979,33.45928608,-9.020826391,0.51089049,-3.62E-07,1.32E-05,-0.000156788,0.00061217,0.938021782
3,1.5,-0.355555556,-0.000787593,0.029327235,-0.343652689,1.291387763,0.971444365,-2.62E-07,5.60E-06,-3.52E-05,5.97E-05,0.539318646,0.001006395,-0.003687387,-0.192449178,1.201704183,0.872233687,1.16E-05,-0.000195274,0.00052102,0.002252691,0.588868134,0.343309038,-6.669224689,32.10671538,-7.65369454,0.494293236,-4.10E-07,1.34E-05,-0.000149545,0.000567831,0.917121413
3,1.5,-0.4,-0.000122163,0.015227857,-0.266802774,1.263824981,0.969587104,-2.54E-07,5.49E-06,-3.48E-05,5.97E-05,0.539261997,0.002914052,-0.043394731,0.020334637,1.084298181,0.835247856,0.000152631,-0.002856035,0.012159735,0.005996308,0.294569778,0.784874377,-15.92254167,82.48826829,-38.74805309,0.294244224,-1.97E-06,5.19E-05,-0.000484689,0.001698514,0.921990149
3,1.75,-0.152380952,-0.000839267,0.030133322,-0.346226961,1.308446094,0.954150249,0,0,0,0,1,0.000715572,8.95E-05,-0.19551282,1.170894178,0.944637872,6.54E-06,-0.000107255,0.000233548,0.001643279,0.847294973,0.308262194,-6.212039368,31.61653786,-10.3591855,0.723887438,-6.93E-07,2.15E-05,-0.000216802,0.000738271,0.909911125
3,1.75,-0.19047619,-0.000909951,0.031212189,-0.349692751,1.306403962,0.955537983,0,0,0,0,1,0.000766436,-0.000518487,-0.195587953,1.175709801,0.937473823,6.67E-06,-0.000108811,0.000226174,0.001708044,0.84969568,0.321598804,-6.421701443,32.28272078,-10.25856343,0.664875016,-2.56E-06,5.25E-05,-0.000326111,0.000737794,0.391981507
3,1.75,-0.228571429,-0.000875344,0.030793911,-0.349168961,1.302335469,0.953816447,0,0,0,0,1,0.000817454,-0.001169707,-0.19511638,1.180408915,0.928770179,7.37E-06,-0.000122112,0.000296389,0.00162436,0.782195571,0.335212288,-6.647831862,33.08926013,-10.2464457,0.607235963,-5.01E-07,1.61E-05,-0.000173452,0.000624834,0.9728518
3,1.75,-0.266666667,-0.00091109,0.031579295,-0.353738158,1.302606677,0.951275227,0,0,0,0,1,0.00084743,-0.001434107,-0.196430471,1.186330528,0.918112138,7.96E-06,-0.000132667,0.000340905,0.001591952,0.743812948,0.344315702,-6.788628244,33.50093004,-9.984243573,0.55939158,-3.27E-07,1.22E-05,-0.000147823,0.000583357,0.955839895
3,1.75,-0.304761905,-0.000867845,0.030758065,-0.349828255,1.298299117,0.959164494,0,0,0,0,1,0.000886114,-0.001895698,-0.1965719,1.191686286,0.906085212,6.37E-06,-9.63E-05,8.69E-05,0.002120866,0.719854928,0.34710962,-6.811615801,33.36497768,-9.437446102,0.53353073,-1.22E-06,3.00E-05,-0.000250837,0.000756178,0.90691232
3,1.75,-0.342857143,-0.000808184,0.029624772,-0.344403434,1.293431265,0.967614432,0,0,0,0,1,0.000917655,-0.002255494,-0.196968182,1.197269061,0.892567621,7.98E-06,-0.000129427,0.000291233,0.001725148,0.656707786,0.342418966,-6.68487195,32.45601728,-8.430052763,0.522597121,-2.55E-07,1.03E-05,-0.000129243,0.000530195,0.916659816
3,2,-0.133333333,-0.001585749,0.045238631,-0.424254133,1.335492551,0.945559168,0,0,0,0,1,-0.000258558,0.019372425,-0.291760325,1.204495211,0.944685593,1.03E-06,-1.10E-05,-0.000125104,0.001579139,0.30975789,0.201722846,-3.969972189,19.28064462,-2.841724145,0.727004803,-1.06E-06,2.69E-05,-0.00022213,0.000608454,0.94587002
3,2,-0.166666667,-0.001475395,0.042908946,-0.411286881,1.320932504,0.95946825,0,0,0,0,1,-0.000199985,0.018727423,-0.292670978,1.211738647,0.938338156,3.98E-06,-5.63E-05,-2.45E-05,0.001750656,0.864341753,0.212608897,-4.134884117,19.72487327,-2.554125413,0.65551849,-2.82E-07,1.04E-05,-0.000119071,0.000422706,0.943691094
3,2,-0.2,-0.001408712,0.04159052,-0.404475225,1.311869724,0.967057563,-2.60E-07,5.57E-06,-3.51E-05,5.97E-05,0.539203189,-0.000170416,0.018594664,-0.295601653,1.220826795,0.927919703,4.70E-06,-6.60E-05,-2.14E-05,0.001905744,0.847241598,0.219922742,-4.239654253,19.93999357,-2.10007816,0.582785873,-8.77E-07,2.27E-05,-0.000186927,0.00048891,0.946346807
3,2,-0.233333333,-0.00142643,0.041990882,-0.406675477,1.308955929,0.967505434,0,0,0,0,1,-0.000150645,0.018555934,-0.298455501,1.230091991,0.914258675,3.78E-06,-4.83E-05,-0.000104468,0.001893871,0.799475111,0.226301035,-4.332743906,20.13943244,-1.594827766,0.504777471,-3.67E-07,1.12E-05,-0.00010982,0.000341657,0.961057742
3,2,-0.266666667,-0.000589556,0.024938294,-0.319287203,1.293241488,0.933377207,1.55E-07,-3.04E-06,1.50E-05,-5.95E-06,0.117149176,0.003034845,-0.045217154,0.024751878,1.093249649,0.809121235,0.000245873,-0.004687597,0.021237847,0.00210697,0.187965256,0.725966053,-14.6430863,75.14146207,-33.300526,0.306154715,4.21E-07,7.67E-07,-0.000163475,0.001134107,0.920505401
3,2,-0.3,-0.001507802,0.043684175,-0.41564276,1.310226495,0.963246101,0,0,0,0,1,-0.000132556,0.018519929,-0.301125602,1.239501394,0.897947719,4.53E-06,-6.10E-05,-5.73E-05,0.001898477,0.719649617,0.237256268,-4.522010797,20.8613048,-1.349302548,0.427912153,-1.77E-06,4.15E-05,-0.000305053,0.000693752,0.828034878
4,2,-0.125,-0.001593447,0.045509425,-0.425621378,1.31280032,0.957887078,0,0,0,0,1,-0.000133815,0.018857285,-0.305653111,1.25035584,0.877496844,3.66E-06,-4.80E-05,-0.000121913,0.002192025,0.630548453,0.244706137,-4.649488406,21.33173575,-1.095003751,0.385222556,-2.04E-07,6.97E-06,-8.16E-05,0.000326862,0.698518506
4,2,-0.1875,-0.001608653,0.045828324,-0.428106148,1.341049546,0.940550974,0,0,0,0,1,-0.000263977,0.019318112,-0.290207122,1.201706291,0.947474874,1.89E-06,-2.56E-05,-3.96E-05,0.001047974,0.854139754,0.197614526,-3.908038221,19.11483891,-2.930238479,0.751815656,-4.12E-07,1.26E-05,-0.000126155,0.000412401,0.941954675
4,2,-0.25,-0.001543274,0.044302355,-0.418597806,1.328960642,0.952066412,0,0,0,0,1,-0.000221014,0.018887613,-0.291414958,1.207678435,0.942768775,1.97E-06,-2.71E-05,-4.13E-05,0.001099192,0.822324657,0.205575994,-4.02123485,19.3569942,-2.633102661,0.69340777,-1.96E-06,4.48E-05,-0.000319009,0.000722683,0.8408911
4,2,-0.3125,-0.00145077,0.042398417,-0.408477809,1.317758119,0.962031887,0,0,0,0,1,-0.000195191,0.018780103,-0.294051658,1.214845823,0.93573297,1.52E-06,-1.80E-05,-9.45E-05,0.001208245,0.785160587,0.212498731,-4.120893618,19.56179043,-2.311925799,0.638438781,-5.31E-07,1.52E-05,-0.000140773,0.000422825,0.940631668
4,2,-0.375,-0.001416287,0.041721674,-0.404962355,1.311570442,0.96636988,0,0,0,0,1,-0.000183456,0.018880029,-0.297294887,1.222436901,0.926609836,2.71E-06,-3.80E-05,-1.62E-05,0.001124855,0.81560882,0.21679114,-4.174244541,19.58114562,-1.853005039,0.578133664,-6.41E-07,1.72E-05,-0.000148088,0.000407348,0.935260609
4,2,-0.4375,-0.001443951,0.042299535,-0.40794785,1.309641213,0.965423002,0,0,0,0,1,-0.000188073,0.019238257,-0.301449764,1.230778151,0.915326555,2.85E-06,-4.08E-05,6.76E-06,0.001039164,0.738118536,0.221263665,-4.236195512,19.67741193,-1.418518827,0.514305021,-1.38E-06,3.34E-05,-0.000253857,0.000602245,0.926953092
4,2.5,-0.1,-0.001514394,0.04376195,-0.415682694,1.310729939,0.960563805,0,0,0,0,1,-0.000194506,0.019637774,-0.305831193,1.239254904,0.902409425,2.43E-06,-3.18E-05,-4.47E-05,0.001059936,0.724491186,0.226872585,-4.324720605,19.93596172,-1.082735183,0.457198538,-7.90E-07,2.00E-05,-0.000162714,0.000422444,0.905172757
4,2.5,-0.15,-0.001579197,0.045323268,-0.426069945,1.342467744,0.942049503,0,0,0,0,1,-0.000247136,0.01895167,-0.287733427,1.199365174,0.949477739,1.70E-06,-2.39E-05,-1.03E-08,0.000709986,0.777016882,0.196426243,-3.892551011,19.13343157,-3.076919278,0.765757923,-3.13E-07,1.09E-05,-0.000120677,0.000421655,0.926578118
4,2.5,-0.2,-0.001586897,0.045217337,-0.423799105,1.334734198,0.945047865,0,0,0,0,1,-0.000208152,0.018525804,-0.28845444,1.203937561,0.945959995,-5.68E-07,1.68E-05,-0.000187058,0.000904516,0.356726322,0.20429745,-4.011120387,19.43999656,-2.925612415,0.725870197,-3.13E-07,1.09E-05,-0.000120677,0.000421655,0.926578118
4,2.5,-0.25,-0.000394627,0.021130938,-0.300424931,1.280956559,0.954974913,1.55E-07,-3.04E-06,1.50E-05,-5.95E-06,0.117149176,0.003058674,-0.045065335,0.018646403,1.110010829,0.778087843,0.000234614,-0.004475473,0.020353296,0.001358439,0.174917171,0.550882149,-11.00033737,55.39591779,-20.71072694,0.425408357,-4.13E-06,0.000100117,-0.000796027,0.002177126,0.816262943
4,2.5,-0.3,-0.00150444,0.043474176,-0.414092825,1.324103496,0.955694281,0,0,0,0,1,-0.000187567,0.018475311,-0.291115313,1.209953218,0.940771259,9.25E-07,-1.16E-05,-6.16E-05,0.000850279,0.598174411,0.209743557,-4.081000179,19.50538653,-2.584484511,0.677444233,-3.45E-07,1.01E-05,-9.69E-05,0.000302694,0.906503462
4,2.5,-0.35,-0.001449539,0.042348903,-0.40802478,1.316542933,0.962771261,0,0,0,0,1,-0.00018361,0.018686702,-0.294497048,1.216588691,0.933906854,1.83E-06,-2.49E-05,-2.29E-05,0.000817157,0.801644425,0.213959426,-4.133982999,19.53607842,-2.222469853,0.628727786,-5.82E-07,1.51E-05,-0.000123972,0.000318418,0.92993958
4,3,-0.083333333,-0.001432903,0.04202942,-0.406357594,1.312074282,0.965439408,0,0,0,0,1,-0.000180127,0.018901778,-0.297896705,1.223310106,0.925938645,2.20E-06,-3.31E-05,3.21E-05,0.000699755,0.786155836,0.216927969,-4.16658685,19.49435555,-1.808548219,0.578142317,-5.82E-07,1.51E-05,-0.000123972,0.000318418,0.92993958
4,3,-0.125,-0.00146431,0.042675041,-0.409675361,1.310818037,0.963750369,0,0,0,0,1,-0.000190954,0.019369736,-0.302388386,1.230630466,0.916696463,1.88E-06,-2.49E-05,-3.37E-05,0.000846286,0.749367624,0.219415049,-4.192959795,19.4432361,-1.380117543,0.526250557,-4.33E-07,1.21E-05,-0.000108038,0.000309104,0.915500684
4,3,-0.166666667,-0.002028907,0.054016702,-0.467293512,1.340880252,0.950440872,0,0,0,0,1,-0.000931524,0.032322151,-0.352856654,1.213868942,0.945506908,1.62E-06,-1.32E-05,-0.00019028,0.001627871,0.824468874,0.138993611,-2.691218759,12.56977032,0.55911467,0.700769659,-4.10E-07,1.19E-05,-0.000112861,0.00035233,0.925868486
4,3,-0.208333333,-0.002015902,0.053587281,-0.4638143,1.332548375,0.951582961,0,0,0,0,1,-0.000907996,0.032189301,-0.354675018,1.219210288,0.943488239,-1.17E-06,4.40E-05,-0.000506067,0.002115086,0.47877543,0.143911824,-2.762517915,12.72712552,0.738282387,0.667974891,-3.09E-07,9.39E-06,-9.30E-05,0.000298619,0.895804341
4,3,-0.25,-0.002030322,0.053712089,-0.463193023,1.326968041,0.950639334,0,0,0,0,1,-0.000872138,0.031779163,-0.355188122,1.22352949,0.940868126,1.43E-06,-8.75E-06,-0.000249236,0.001889021,0.779386764,0.147458022,-2.810667701,12.79624626,0.991798852,0.625493388,-5.36E-07,1.22E-05,-9.01E-05,0.000242984,0.605610291
4,3,-0.291666667,-0.002014589,0.053507886,-0.462739498,1.322916273,0.950110784,0,0,0,0,1,-0.000871751,0.032011408,-0.35838084,1.229887753,0.936141623,5.63E-06,-0.000101343,0.000321187,0.001153412,0.515026655,0.150723817,-2.854705437,12.85474159,1.272257618,0.577831213,-6.76E-07,1.59E-05,-0.00011988,0.000300687,0.848832132
5,2,-0.1,-0.001995202,0.053162034,-0.461132686,1.319295961,0.953437869,0,0,0,0,1,-0.000874843,0.032305211,-0.361850333,1.236642756,0.929952313,4.71E-06,-6.95E-05,4.94E-05,0.001521379,0.762834386,0.153822649,-2.899970609,12.94986322,1.53538429,0.529143108,-2.60E-07,8.05E-06,-7.91E-05,0.000243518,0.920993911
5,2,-0.15,-0.00194405,0.052210657,-0.456694558,1.315344009,0.961367907,0,0,0,0,1,-0.00088288,0.032662327,-0.365418188,1.243529533,0.921928342,1.56E-06,-4.58E-06,-0.000329851,0.00205948,0.877210008,0.156993134,-2.948713624,13.07678224,1.777187256,0.487278729,-6.38E-07,1.58E-05,-0.000126287,0.000325654,0.762725784
5,2,-0.2,2.89E-05,0.011467043,-0.241579166,1.259245161,0.96064168,0,0,0,0,1,0.002011209,-0.027620574,-0.042442457,1.08960137,0.94997943,4.53E-05,-0.000859849,0.00354034,0.004081979,0.657662309,0.508456627,-10.81048592,59.44736101,-30.61441926,0.622111488,-1.20E-06,4.03E-05,-0.000451652,0.001798409,0.910984193
5,2,-0.25,-0.002022372,0.05377525,-0.465254298,1.336877633,0.951113753,-2.62E-07,5.60E-06,-3.52E-05,5.97E-05,0.539318646,-0.000871695,0.031474258,-0.350695073,1.215235814,0.94647379,1.46E-06,-1.15E-05,-0.000144962,0.001192903,0.776410029,0.144601628,-2.777590505,12.8591174,0.490626511,0.6918136,-8.26E-07,1.98E-05,-0.000150302,0.000358494,0.901543069
5,2,-0.3,-0.002011422,0.053461774,-0.462884285,1.330673276,0.951477534,0,0,0,0,1,-0.000873542,0.031625117,-0.352941956,1.219683011,0.944408914,1.09E-06,-7.53E-06,-0.000160629,0.001212537,0.851249833,0.145011237,-2.777432048,12.74942887,0.805825593,0.657886727,-4.57E-07,1.24E-05,-0.000108856,0.000307922,0.893762634
5,2,-0.35,-0.002007809,0.053365335,-0.462099598,1.326211875,0.95058124,0,0,0,0,1,-0.000868891,0.031753523,-0.355397957,1.224635423,0.941175111,6.49E-08,5.86E-06,-0.000182375,0.001217893,0.513774052,0.147179874,-2.802803065,12.73931532,1.053577275,0.621197215,-2.99E-07,8.56E-06,-7.96E-05,0.000239054,0.857557027
5,2.5,-0.12,-0.0020176,0.053528397,-0.462690645,1.323397346,0.949806234,0,0,0,0,1,-0.000863441,0.031903641,-0.358108707,1.229939858,0.936800095,2.52E-06,-3.60E-05,-6.19E-06,0.001037885,0.799756666,0.151256205,-2.857301309,12.84534876,1.215873023,0.585063393,-4.75E-07,1.12E-05,-8.48E-05,0.000222166,0.760033902
5,2.5,-0.16,-0.001997139,0.053178068,-0.461110043,1.320147432,0.952284192,0,0,0,0,1,-0.000879395,0.032348558,-0.361675275,1.235579028,0.931746709,1.36E-06,-9.24E-06,-0.000185393,0.001314271,0.870720169,0.150700367,-2.842935003,12.70196718,1.564693216,0.546932749,-1.29E-06,3.03E-05,-0.000219136,0.000482191,0.869924439
5,2.5,-0.2,-0.001947671,0.05224857,-0.456700516,1.316382686,0.959396843,0,0,0,0,1,-0.00088589,0.03264227,-0.364612561,1.241066762,0.925637713,2.19E-06,-3.01E-05,-2.73E-05,0.000984815,0.778656818,0.152234264,-2.861806522,12.70062949,1.800815013,0.514950099,-4.04E-07,1.07E-05,-9.10E-05,0.00024346,0.867344626
5,2.5,-0.24,-0.002020546,0.053640763,-0.463927657,1.334205622,0.951631661,0,0,0,0,1,-0.000853437,0.031152879,-0.349793774,1.216458522,0.947026646,2.65E-06,-4.47E-05,0.000129274,0.000439175,0.636928823,0.146109527,-2.802423085,12.93664793,0.530091646,0.682634332,-2.01E-07,6.90E-06,-7.41E-05,0.000248291,0.832141211
5,2.5,-0.28,-0.002012334,0.053419553,-0.462318963,1.329535381,0.951652938,0,0,0,0,1,-0.000846443,0.031242816,-0.352050255,1.220603594,0.944527572,-1.52E-06,3.47E-05,-0.000286443,0.001049269,0.501337935,0.147835996,-2.819083187,12.88576037,0.759796959,0.652850319,-8.26E-07,1.98E-05,-0.000150302,0.000358494,0.901543069
5,2.5,-0.32,-0.002013773,0.05342292,-0.462048056,1.325973901,0.950519454,0,0,0,0,1,-0.000853259,0.031528709,-0.3547534,1.225069218,0.941253126,2.10E-07,-4.09E-07,-9.17E-05,0.000791764,0.482455669,0.149631493,-2.839692523,12.8723959,0.96456023,0.623415948,-6.84E-07,1.60E-05,-0.000120386,0.000300762,0.848857636
5,3,-0.133333333,-0.002021311,0.053591678,-0.462938538,1.323703693,0.948772793,0,0,0,0,1,-0.000859724,0.031830941,-0.357742671,1.229745444,0.937486671,1.87E-06,-2.59E-05,-1.20E-05,0.000755097,0.821566109,0.150572754,-2.844385626,12.78596741,1.218124969,0.591729155,-7.15E-07,1.56E-05,-0.000104715,0.000234561,0.762058277
5,3,-0.166666667,-8.35E-05,0.013971936,-0.256648269,1.265348995,0.951275381,0,0,0,0,1,0.002229511,-0.031225675,-0.029887818,1.089941996,0.930787534,5.89E-05,-0.001120657,0.004750459,0.003903536,0.572530335,0.578032853,-12.07299021,64.98229795,-32.92454345,0.50784417,-1.17E-06,3.34E-05,-0.000347559,0.001382966,0.937369802
5,3,-0.2,-0.00201911,0.053544845,-0.462573291,1.321265697,0.949890052,0,0,0,0,1,-0.000865582,0.032100141,-0.360406602,1.234354707,0.933192753,5.15E-07,1.61E-06,-0.000164554,0.000915434,0.893077744,0.151502085,-2.851892345,12.73493244,1.443640524,0.561752438,-6.84E-07,1.68E-05,-0.000129794,0.000309229,0.961605319
5,3,-0.233333333,-0.001978073,0.052772254,-0.458889299,1.318013553,0.955763784,0,0,0,0,1,-0.00087413,0.032409846,-0.363189576,1.239004179,0.928214876,1.15E-06,-9.85E-06,-0.000113225,0.000888378,0.820948998,0.152270298,-2.856746464,12.67435838,1.668691099,0.535025991,-7.86E-07,1.93E-05,-0.000149757,0.000362962,0.943331481
5,3,-0.266666667,-1.35E-05,0.012587067,-0.249750213,1.257068749,0.967344592,-2.54E-07,5.49E-06,-3.48E-05,5.97E-05,0.539261997,0.00243524,-0.034696728,-0.017148837,1.090760054,0.904420367,0.000118426,-0.00231574,0.010889493,0.000697157,0.239619676,0.583174956,-11.99397426,63.20742162,-29.98896073,0.51452757,-3.41E-07,1.80E-05,-0.000277136,0.001326933,0.93844574
5,3,-0.3,-1.49E-05,0.012778821,-0.251982899,1.25573674,0.972283211,0,0,0,0,1,0.002628421,-0.037992797,-0.004799559,1.092531746,0.871357445,9.95E-05,-0.001914347,0.008620327,0.002588363,0.306763604,0.639750598,-13.00871255,67.50067327,-30.74620723,0.400201856,-1.15E-06,3.32E-05,-0.00035046,0.001387181,0.916928123
10,5,-0.4,0.01869573,-0.056543067,-0.371733165,1.233588682,0.948295235,0,0,0,0,1,0.042612733,-0.261481871,0.1004253,1.026170255,0.974449693,0,0,0,0,1,1.043877572,-10.07486534,25.58418837,-6.960415666,0.752081174,0,0,0,0,1
10,5,-0.6,0.011397017,-0.008564075,-0.451182342,1.243063097,0.961434983,0,0,0,0,1,0.060414019,-0.385637904,0.311312266,0.97653875,0.949401143,0,0,0,0,1,1.859575308,-15.97687137,36.37140899,-10.03653011,0.529198029,-4.98E-06,4.09E-05,-9.89E-05,6.57E-05,0.539029121
10,5,-0.8,0.010071956,0.003780439,-0.48301702,1.251815133,0.951542684,0,0,0,0,1,0.065133433,-0.417396382,0.36223017,0.967613257,0.93052307,3.77E-06,-3.24E-05,7.48E-05,-2.47E-05,0.180526156,2.044920255,-17.23523788,38.45382724,-10.50175487,0.48916952,0,0,0,0,1
10,5,-1,0.02255681,-0.08150946,-0.332489905,1.226107238,0.945041624,0,0,0,0,1,0.040037793,-0.244195737,0.074626196,1.031277724,0.977897348,0,0,0,0,1,0.875060783,-8.787830222,23.13270427,-6.192135235,0.800821625,0,0,0,0,1
10,6,-0.25,0.014051966,-0.02527963,-0.42445547,1.243630112,0.946779768,0,0,0,0,1,0.049426204,-0.310088232,0.185704869,1.004051422,0.973350728,0,0,0,0,1,1.333698806,-12.18671021,29.45348981,-8.108185211,0.674035824,-4.98E-06,4.09E-05,-9.89E-05,6.57E-05,0.539029121
10,6,-0.416666667,0.012681732,-0.018257278,-0.430857171,1.240597028,0.959700277,0,0,0,0,1,0.053916985,-0.340382467,0.23371361,0.994173127,0.965496941,1.48E-06,-1.36E-05,3.33E-05,-1.18E-05,0.078870793,1.556331863,-13.74911126,32.16701673,-8.837564749,0.621990199,-4.98E-06,4.09E-05,-9.89E-05,6.57E-05,0.539029121
10,6,-0.583333333,0.011521308,-0.00975853,-0.447657302,1.242616676,0.961166538,0,0,0,0,1,0.058423177,-0.37111293,0.284401849,0.983619856,0.954282818,1.48E-06,-1.36E-05,3.33E-05,-1.18E-05,0.078870793,1.767354611,-15.24699468,34.84642849,-9.559060692,0.56092834,-4.98E-06,4.09E-05,-9.89E-05,6.57E-05,0.539029121
10,6,-0.75,0.009955325,0.003603493,-0.479437853,1.251182391,0.95114138,0,0,0,0,1,0.062240341,-0.396290234,0.323021741,0.977554444,0.939945622,1.48E-06,-1.36E-05,3.33E-05,-1.18E-05,0.078870793,1.93898381,-16.41813239,36.80549979,-10.01401838,0.515252717,0,0,0,0,1
10,6,-0.916666667,0.002470833,0.084820873,-0.704435696,1.328848157,0.938522295,0,0,0,0,1,0.018687926,-0.057799166,-0.360604019,1.15648592,0.949696669,0,0,0,0,1,0.871528024,-7.33947888,16.25867109,-3.33228409,0.846026466,0,0,0,0,1
10,6,-1.083333333,-0.000681053,0.106033246,-0.739848861,1.335119455,0.935790416,0,0,0,0,1,0.021069067,-0.074734304,-0.33222462,1.14969295,0.951812477,2.77E-06,-1.98E-05,3.45E-05,-2.03E-06,0.11080091,0.950387572,-7.920584664,17.30858988,-3.634697725,0.838775928,0,0,0,0,1
10,7,-0.285714286,0.014121405,-0.026296406,-0.421528602,1.242134372,0.948629555,0,0,0,0,1,0.049532658,-0.311209539,0.18835328,1.003136469,0.972542064,8.61E-06,-6.83E-05,0.00014152,-3.27E-05,0.360763609,1.362702489,-12.50101444,30.31747959,-8.445129075,0.651232827,-9.97E-06,8.18E-05,-0.00019789,0.000131397,0.539029121
10,7,-0.428571429,-0.002418318,0.115975317,-0.751259709,1.33354727,0.940701218,0,0,0,0,1,0.023727165,-0.093525772,-0.299845621,1.141790273,0.953918334,0,0,0,0,1,1.031672655,-8.520116103,18.4195324,-3.957298262,0.822342941,0,0,0,0,1
10,7,-0.571428571,-0.002928944,0.117824016,-0.749589535,1.328755057,0.946932784,0,0,0,0,1,0.026275255,-0.110821997,-0.272429279,1.13630111,0.954411245,5.49E-06,-4.24E-05,8.27E-05,-9.50E-06,0.199507118,1.123099751,-9.1637772,19.55193573,-4.262384766,0.78885122,0,0,0,0,1
10,7,-0.714285714,-0.00358801,0.120648669,-0.750272301,1.325245656,0.951999576,0,0,0,0,1,0.02883203,-0.127603794,-0.24681142,1.131868399,0.953395629,-1.84E-06,1.69E-05,-4.83E-05,4.15E-05,0.23317471,1.200816237,-9.716062917,20.5376624,-4.514208964,0.744647624,0,0,0,0,1
10,7,-0.857142857,-0.003907914,0.121777662,-0.74957302,1.321682681,0.955927684,0,0,0,0,1,0.031293567,-0.144302507,-0.219870286,1.12700979,0.951505983,0,0,0,0,1,1.28332105,-10.32612808,21.68276624,-4.826706624,0.705255374,0,0,0,0,1
10,7,-1,-0.00028976,0.103158994,-0.733974603,1.334189069,0.936516439,0,0,0,0,1,0.022004812,-0.082287094,-0.315659298,1.143754352,0.957947782,0,0,0,0,1,0.937196596,-7.835932046,17.19611259,-3.618671872,0.850011191,0,0,0,0,1
15,5,-0.266666667,-0.002526616,0.116927051,-0.75313992,1.334846301,0.938610786,0,0,0,0,1,0.024575573,-0.099979369,-0.286793463,1.137521155,0.958792912,0,0,0,0,1,1.017219642,-8.414606449,18.23012991,-3.906070834,0.828868462,0,0,0,0,1
15,5,-0.4,-0.003148631,0.119007561,-0.750457867,1.329288587,0.946304039,0,0,0,0,1,0.026822681,-0.114721183,-0.265171227,1.134191929,0.957435951,0,0,0,0,1,1.096740737,-8.968359081,19.16389874,-4.138858605,0.795425182,0,0,0,0,1
15,5,-0.533333333,-0.003774692,0.121723755,-0.750735143,1.325468715,0.951702226,0,0,0,0,1,0.029771691,-0.133103408,-0.238874393,1.129919751,0.955240534,0,0,0,0,1,1.173958271,-9.491048886,20.02512781,-4.33868756,0.754884949,0,0,0,0,1
15,5,-0.666666667,0.019552763,-0.036206622,-0.493144607,1.277022677,0.953360249,0.00033267,-0.002865222,0.00654562,-0.00165462,0.79081708,0.01971805,-0.062173454,-0.355275028,1.154893466,0.954344285,0.011627819,-0.105598054,0.254170529,-0.064756267,0.814443522,0.854953255,-7.139231749,15.79918284,-3.185540457,0.84859145,-1.43E-05,0.000110555,-0.000270445,0.000536905,0.269145433
15,5,-0.8,-0.004571392,0.125710255,-0.75463565,1.320331622,0.955376873,0,0,0,0,1,0.033159182,-0.155428031,-0.206755072,1.127920067,0.944874476,0,0,0,0,1,1.310604059,-10.43668784,21.63091176,-4.700952568,0.673757895,0,0,0,0,1
15,5,-0.933333333,0.012125718,-0.016119749,-0.432593024,1.239338026,0.96332762,0,0,0,0,1,0.056807102,-0.361107421,0.271854442,0.983622599,0.961234045,9.38E-06,-7.44E-05,0.000154584,-3.88E-05,0.411215271,1.691522287,-14.82800152,34.50393061,-9.612706353,0.571053411,0,0,0,0,1
15,7.5,-0.355555556,-0.00259684,0.117569137,-0.754543643,1.335702579,0.937193687,0,0,0,0,1,0.025509285,-0.106804124,-0.273427574,1.133306524,0.96167404,0,0,0,0,1,1.012296911,-8.381280534,18.18172259,-3.897794308,0.832813133,0,0,0,0,1
15,7.5,-0.488888889,-0.003389383,0.120516396,-0.752770168,1.330197341,0.945500261,0,0,0,0,1,0.027272655,-0.11800118,-0.25869981,1.132352531,0.958887148,0,0,0,0,1,1.088408259,-8.898360751,19.0178578,-4.093515362,0.799567158,0,0,0,0,1
15,7.5,-0.622222222,-0.004012024,0.123179309,-0.753054684,1.326222777,0.950824325,0,0,0,0,1,0.02977875,-0.133403815,-0.238003574,1.129819879,0.955873804,0,0,0,0,1,1.161488578,-9.39043159,19.8003181,-4.265922232,0.7651175,0,0,0,0,1
15,7.5,-0.755555556,-0.004530026,0.125921575,-0.75574519,1.32339891,0.953089878,0,0,0,0,1,0.03118787,-0.142796286,-0.224904073,1.129667323,0.950749186,0,0,0,0,1,1.227065516,-9.835107724,20.5341145,-4.425081343,0.724350988,0,0,0,0,1
15,7.5,-0.088888889,-0.005208774,0.130691495,-0.764782377,1.323509573,0.951601603,0,0,0,0,1,0.032835407,-0.152600627,-0.213447108,1.130404149,0.944306718,0,0,0,0,1,1.28251895,-10.19862807,21.09012881,-4.518323122,0.68459707,0,0,0,0,1
15,7.5,-1.022222222,-0.005980529,0.136224267,-0.775806542,1.324707765,0.949941113,0,0,0,0,1,0.034158142,-0.160251077,-0.205457811,1.132280815,0.9364298,0,0,0,0,1,1.335184257,-10.53696168,21.59420632,-4.594975459,0.649579255,0,0,0,0,1
15,10,-0.466666667,-0.018273936,0.238927513,-1.001060105,1.385483582,0.940559485,0,0,0,0,1,0.008389933,0.031863059,-0.56947393,1.20366703,0.951703284,0,0,0,0,1,0.791558663,-6.221302138,12.56028587,-2.033078169,0.824219916,0,0,0,0,1
15,10,-0.6,-0.018281955,0.237738932,-0.995348887,1.380968796,0.944659096,0,0,0,0,1,0.009225031,0.026831667,-0.563773716,1.204026066,0.950689343,0,0,0,0,1,0.81718228,-6.390036885,12.81380192,-2.07923277,0.808514478,0,0,0,0,1
15,10,-0.733333333,-0.017960019,0.234426826,-0.986465946,1.375705997,0.948745728,0,0,0,0,1,0.009938137,0.022711116,-0.559717208,1.204971248,0.949129061,0,0,0,0,1,0.84417924,-6.561725022,13.06434278,-2.121595586,0.789559044,0,0,0,0,1
15,10,-0.866666667,-0.017948662,0.233081487,-0.980900904,1.371429493,0.95233883,0,0,0,0,1,0.010996361,0.016003216,-0.550565147,1.204440653,0.948050529,0,0,0,0,1,0.866395536,-6.714085983,13.31143518,-2.166822759,0.770386264,0,0,0,0,1
15,10,-1,0.011212212,-0.006255911,-0.458837672,1.244917763,0.960804781,0,0,0,0,1,0.063344615,-0.407548026,0.353509574,0.964929738,0.941902363,1.00E-05,-8.09E-05,0.000170522,-4.04E-05,0.29859797,1.991047476,-17.04442362,38.67361386,-10.77352894,0.487209082,0,0,0,0,1
15,10,-1.133333333,-0.017973958,0.232578095,-0.977885457,1.368443679,0.955054201,0,0,0,0,1,0.011984549,0.010381422,-0.544439912,1.204950496,0.94602743,0,0,0,0,1,0.884143735,-6.824871013,13.46411057,-2.176951606,0.744818026,0,0,0,0,1
20,10,-0.55,-0.017562793,0.229073095,-0.970288693,1.3642142,0.957464248,0,0,0,0,1,0.012482736,0.00767273,-0.542803302,1.206884346,0.943223528,0,0,0,0,1,0.906309868,-6.968490253,13.67432897,-2.205554425,0.724469203,0,0,0,0,1
20,10,-0.65,-0.018283416,0.23698572,-0.992054738,1.378778786,0.946034565,0,0,0,0,1,0.010192369,0.02024503,-0.553313394,1.202155701,0.951709877,0,0,0,0,1,0.827515304,-6.456887001,12.91233847,-2.09570021,0.802151625,0,0,0,0,1
20,10,-0.75,-0.018153454,0.235298146,-0.986724493,1.375215235,0.949206257,0,0,0,0,1,0.010689868,0.017658882,-0.551717708,1.203491378,0.950046814,0,0,0,0,1,0.843781796,-6.556224414,13.04366927,-2.10745201,0.784381335,0,0,0,0,1
20,10,-0.85,-0.017830337,0.232349889,-0.979715095,1.371158906,0.951670098,0,0,0,0,1,0.011601612,0.013058395,-0.547666062,1.204333298,0.947826312,0,0,0,0,1,0.872488853,-6.73510185,13.30328191,-2.159990545,0.770823188,0,0,0,0,1
20,10,-0.95,-0.017965074,0.232438096,-0.977489951,1.368495599,0.954406921,0,0,0,0,1,0.012076624,0.009633994,-0.542848054,1.204565517,0.946678658,0,0,0,0,1,0.880263113,-6.795609841,13.40285547,-2.163946081,0.753995717,0,0,0,0,1
20,10,-1.05,-0.017730213,0.230323919,-0.972639416,1.365416703,0.95620102,0,0,0,0,1,0.012051321,0.010264157,-0.545930048,1.207289104,0.94371542,0,0,0,0,1,0.892144192,-6.86412515,13.48157783,-2.15746333,0.73277739,0,0,0,0,1
20,12.5,-0.68,-0.017965074,0.232438096,-0.977489951,1.368495599,0.954406921,0,0,0,0,1,0.012076624,0.009633994,-0.542848054,1.204565517,0.946678658,0,0,0,0,1,0.880263113,-6.795609841,13.40285547,-2.163946081,0.753995717,0,0,0,0,1
20,12.5,-0.76,-0.018064263,0.233751429,-0.981652733,1.371675639,0.951642925,0,0,0,0,1,0.011388478,0.013806332,-0.548173664,1.204672598,0.948392424,0,0,0,0,1,0.859132781,-6.649464248,13.15746958,-2.113110116,0.76985194,0,0,0,0,1
20,12.5,-0.84,-0.018044071,0.233048848,-0.978717245,1.369041598,0.953682008,0,0,0,0,1,0.011957327,0.010214193,-0.543357276,1.204844198,0.946906703,0,0,0,0,1,0.874543497,-6.75388402,13.32589768,-2.143830198,0.757034012,0,0,0,0,1
20,12.5,-0.92,0.010175759,0.004095262,-0.487271198,1.25249475,0.953555517,0,0,0,0,1,0.069445603,-0.449682329,0.424728548,0.950962594,0.915610432,8.62E-06,-6.57E-05,0.000123339,-4.98E-06,0.24429936,2.170415675,-18.18890341,40.3455128,-11.04379223,0.469440556,0,0,0,0,1
20,12.5,-1,-0.017948066,0.231987684,-0.975865444,1.366788368,0.955040685,0,0,0,0,1,0.012394829,0.007955966,-0.542081277,1.206040033,0.945073577,0,0,0,0,1,0.884098364,-6.810118992,13.38951499,-2.138836628,0.741531499,0,0,0,0,1
20,12.5,-0.92,-0.017953913,0.231804929,-0.974910918,1.365196432,0.955870672,0,0,0,0,1,0.012529945,0.007651105,-0.543773996,1.208093813,0.942651326,0,0,0,0,1,0.894257852,-6.869451405,13.45662199,-2.134535319,0.726271272,0,0,0,0,1
20,15,-0.833333333,-0.017976877,0.23175898,-0.974401676,1.363736828,0.956210132,0,0,0,0,1,0.012811749,0.006444037,-0.544211423,1.209832279,0.940374446,0,0,0,0,1,0.903781866,-6.925628944,13.52018798,-2.12957736,0.711586834,0,0,0,0,1
20,15,-0.9,-0.018236765,0.233381599,-0.976938812,1.363317677,0.955999637,0,0,0,0,1,0.013121143,0.00527532,-0.545243641,1.211941788,0.937781499,0,0,0,0,1,0.91346495,-6.981610838,13.58221359,-2.123859697,0.696732575,0,0,0,0,1
20,15,-0.966666667,-0.03000574,0.325786868,-1.164948332,1.402977517,0.944387293,0,0,0,0,1,-0.003297499,0.1258521,-0.767264931,1.244055084,0.9476,0,0,0,0,1,0.632282679,-4.783635826,9.083463363,-0.971937967,0.757133427,0,0,0,0,1
20,15,-1.033333333,-0.030020381,0.325883785,-1.164651901,1.401319186,0.944083863,0,0,0,0,1,-0.002915613,0.123537416,-0.764463076,1.244447365,0.947057103,0,0,0,0,1,0.642497638,-4.850470471,9.187652112,-0.989455208,0.749470632,0,0,0,0,1
20,15,-1.1,-0.02999511,0.325270458,-1.162399272,1.399483003,0.945332724,0,0,0,0,1,-0.002661312,0.122317036,-0.764255707,1.245660967,0.946089548,0,0,0,0,1,0.648021338,-4.882683476,9.222188242,-0.983566561,0.737342816,0,0,0,0,1
20,15,-1.166666667,-0.029529541,0.32155995,-1.15468354,1.39615349,0.947844603,0,0,0,0,1,-0.002455574,0.121412409,-0.764507301,1.246973884,0.944961918,0,0,0,0,1,0.653590029,-4.915448676,9.258510786,-0.978412906,0.725394484,0,0,0,0,1
25,12,-0.833333333,-0.029143956,0.318433004,-1.147969474,1.393241476,0.950391445,0,0,0,0,1,-0.003250569,0.127473877,-0.776335287,1.251944836,0.941808468,0,0,0,0,1,0.659658491,-4.951400353,9.299735476,-0.974534846,0.713755744,0,0,0,0,1
25,12,-0.9,-0.028356773,0.312205968,-1.134993023,1.387718211,0.955285894,0,0,0,0,1,-0.001922181,0.119470697,-0.766856107,1.2516011,0.940809701,0,0,0,0,1,0.670747333,-5.016453467,9.371826984,-0.963460875,0.689892923,0,0,0,0,1
25,12,-0.966666667,0.024496002,-0.094282237,-0.312251408,1.221771273,0.944176846,0,0,0,0,1,0.038523984,-0.232635729,0.052717197,1.037775663,0.97568663,0,0,0,0,1,0.821226426,-8.364345119,22.30173301,-5.921920929,0.814591817,0,0,0,0,1
25,12,-1.033333333,-0.02991489,0.325272418,-1.16348919,1.401055721,0.943799573,0,0,0,0,1,-0.002642255,0.121621438,-0.761135799,1.24384742,0.947860751,0,0,0,0,1,0.642768157,-4.850654002,9.186534966,-0.989328295,0.749976216,0,0,0,0,1
25,12,-1.1,-0.02998428,0.325163448,-1.162096881,1.399549937,0.944770867,0,0,0,0,1,-0.002443413,0.120733869,-0.761304193,1.244983793,0.946933987,0,0,0,0,1,0.646125673,-4.869902097,9.202218469,-0.980410366,0.739730667,0,0,0,0,1
25,12,-1.233333333,-0.029293755,0.31951458,-1.149921669,1.394237042,0.949323873,0,0,0,0,1,-0.002143197,0.119595867,-0.762629676,1.247513645,0.944789467,0,0,0,0,1,0.65524645,-4.922056922,9.254015754,-0.968423337,0.719891061,0,0,0,0,1
25,14,-0.885714286,-0.028952142,0.31674437,-1.144011933,1.391728523,0.951604493,0,0,0,0,1,-0.002267529,0.120936388,-0.766431743,1.249740764,0.943169492,0,0,0,0,1,0.659642266,-4.94690318,9.277767281,-0.961699138,0.70990871,0,0,0,0,1
25,14,-0.942857143,-0.028610766,0.31403188,-1.1383085,1.389285243,0.953817845,0,0,0,0,1,-0.002138756,0.120452217,-0.766968811,1.25091333,0.941866949,0,0,0,0,1,0.663844065,-4.970187078,9.298711613,-0.954028738,0.699701213,0,0,0,0,1
25,14,-1.057142857,-0.028275596,0.311410862,-1.132891683,1.387007237,0.95594145,0,0,0,0,1,-0.001826243,0.119018554,-0.766678621,1.252039964,0.940709718,0,0,0,0,1,0.66770211,-4.991448079,9.316983118,-0.945736326,0.689654892,0,0,0,0,1
25,14,-1.114285714,-0.029775345,0.323307759,-1.157726085,1.397597396,0.946183079,0,0,0,0,1,-0.002158926,0.119135566,-0.759860785,1.245670398,0.946528894,0,0,0,0,1,0.64844974,-4.881385075,9.206310146,-0.971834716,0.732998251,0,0,0,0,1
25,14,-1.171428571,-0.029472989,0.320805544,-1.152300759,1.395267602,0.948319634,0,0,0,0,1,-0.00211829,0.119237454,-0.761395399,1.247049322,0.945422464,0,0,0,0,1,0.651919539,-4.900414981,9.221811361,-0.964613047,0.724334163,0,0,0,0,1
25,14,-1.228571429,-0.029178809,0.318405513,-1.147069197,1.393002651,0.950410558,0,0,0,0,1,-0.001939853,0.118441328,-0.761596791,1.248040256,0.944462583,0,0,0,0,1,0.655542167,-4.919950442,9.237335943,-0.957171167,0.715556389,0,0,0,0,1
25,16,-0.975,-0.028828835,0.315686611,-1.141514217,1.390696385,0.952476563,0,0,0,0,1,-0.002011596,0.119506524,-0.764994165,1.250058155,0.942978971,0,0,0,0,1,0.659006826,-4.938569947,9.251416695,-0.949289815,0.706921393,0,0,0,0,1
25,16,-1.025,0.017908302,-0.051188314,-0.380767331,1.23553142,0.947692865,0,0,0,0,1,0.043692237,-0.269469382,0.115184123,1.021923654,0.975870462,0,0,0,0,1,1.080917258,-10.32985961,26.00776973,-7.076300179,0.744992634,-4.98E-06,4.09E-05,-9.89E-05,6.57E-05,0.539029121
25,16,-1.075,-0.028523504,0.313268024,-1.136461412,1.388547554,0.954445279,0,0,0,0,1,-0.001926618,0.119289283,-0.765902801,1.251220521,0.941784537,0,0,0,0,1,0.662217407,-4.955484027,9.262796707,-0.940644339,0.698206837,0,0,0,0,1
25,16,-1.125,-0.028228998,0.310966081,-1.131735651,1.386583582,0.956322077,0,0,0,0,1,-0.001779338,0.118813968,-0.766740806,1.25243795,0.940572965,0,0,0,0,1,0.665175186,-4.970870443,9.272206438,-0.931622907,0.689645589,0,0,0,0,1
25,16,-1.175,0.014087875,-0.025818731,-0.422826405,1.242863869,0.94769469,0,0,0,0,1,0.049391083,-0.310111039,0.186134086,1.003865086,0.972931007,1.83E-06,-8.92E-06,1.09E-05,-2.53E-06,0.232665893,1.346876036,-12.32221679,29.81205477,-8.245367828,0.664222982,0,0,0,0,1
25,16,-1.225,0.012456967,-0.017295117,-0.43152553,1.240018049,0.961380931,0,0,0,0,1,0.054930863,-0.347876705,0.247655478,0.990377246,0.963651356,2.80E-06,-2.58E-05,6.36E-05,-2.20E-05,0.154912536,1.615508486,-14.22267178,33.17213619,-9.168761626,0.602839767,-4.98E-06,4.09E-05,-9.89E-05,6.57E-05,0.539029121
